{
    "modules": [
        {
            "config": {
                "position": [
                    228,
                    111
                ]
            },
            "name": "New Model Object",
            "value": {
                "actionGroup": {
                    "_default0_index": false,
                    "_default1_list": true,
                    "_default2_show": true,
                    "_default3_new_create": false,
                    "_default4_edit_update": false,
                    "_default5_delete": false,
                    "customActions": []
                },
                "name": "Produkt",
                "objectsettings": {
                    "addDeletedField": true,
                    "addHiddenField": true,
                    "addStarttimeEndtimeFields": true,
                    "aggregateRoot": true,
                    "categorizable": false,
                    "description": "",
                    "mapToTable": "",
                    "parentClass": "",
                    "sorting": false,
                    "type": "Entity",
                    "uid": "221390748050"
                },
                "propertyGroup": {
                    "properties": [
                        {
                            "allowedFileTypes": "",
                            "maxItems": "1",
                            "propertyDescription": "",
                            "propertyIsExcludeField": true,
                            "propertyIsL10nModeExclude": false,
                            "propertyIsNullable": false,
                            "propertyIsRequired": true,
                            "propertyName": "titel",
                            "propertyType": "String",
                            "uid": "1154292178713"
                        },
                        {
                            "allowedFileTypes": "",
                            "maxItems": "1",
                            "propertyDescription": "",
                            "propertyIsExcludeField": true,
                            "propertyIsL10nModeExclude": false,
                            "propertyIsNullable": false,
                            "propertyIsRequired": true,
                            "propertyName": "preis",
                            "propertyType": "Float",
                            "uid": "1565661485303"
                        },
                        {
                            "allowedFileTypes": "",
                            "maxItems": "1",
                            "propertyDescription": "",
                            "propertyIsExcludeField": true,
                            "propertyIsL10nModeExclude": false,
                            "propertyIsNullable": false,
                            "propertyIsRequired": true,
                            "propertyName": "lager",
                            "propertyType": "Integer",
                            "uid": "578301253542"
                        },
                        {
                            "allowedFileTypes": "",
                            "maxItems": "1",
                            "propertyDescription": "",
                            "propertyIsExcludeField": true,
                            "propertyIsL10nModeExclude": false,
                            "propertyIsNullable": false,
                            "propertyIsRequired": true,
                            "propertyName": "lieferzeit",
                            "propertyType": "String",
                            "uid": "1369398436938"
                        },
                        {
                            "allowedFileTypes": "",
                            "maxItems": "1",
                            "propertyDescription": "",
                            "propertyIsExcludeField": true,
                            "propertyIsL10nModeExclude": false,
                            "propertyIsNullable": false,
                            "propertyIsRequired": true,
                            "propertyName": "dateiname",
                            "propertyType": "String",
                            "uid": "479695469008"
                        }
                    ]
                },
                "relationGroup": {
                    "relations": [
                        {
                            "foreignRelationClass": "",
                            "lazyLoading": false,
                            "propertyIsExcludeField": true,
                            "relationDescription": "",
                            "relationName": "kategory",
                            "relationType": "manyToMany",
                            "relationWire": "[wired]",
                            "renderType": "selectSingleBox",
                            "uid": "1161913096095"
                        }
                    ]
                }
            }
        },
        {
            "config": {
                "position": [
                    646,
                    102
                ]
            },
            "name": "New Model Object",
            "value": {
                "actionGroup": {
                    "_default0_index": false,
                    "_default1_list": true,
                    "_default2_show": true,
                    "_default3_new_create": false,
                    "_default4_edit_update": false,
                    "_default5_delete": false,
                    "customActions": []
                },
                "name": "Kategory",
                "objectsettings": {
                    "addDeletedField": true,
                    "addHiddenField": true,
                    "addStarttimeEndtimeFields": true,
                    "aggregateRoot": true,
                    "categorizable": false,
                    "description": "",
                    "mapToTable": "",
                    "parentClass": "",
                    "sorting": false,
                    "type": "Entity",
                    "uid": "556595682407"
                },
                "propertyGroup": {
                    "properties": [
                        {
                            "allowedFileTypes": "",
                            "maxItems": "1",
                            "propertyDescription": "",
                            "propertyIsExcludeField": true,
                            "propertyIsL10nModeExclude": false,
                            "propertyIsNullable": false,
                            "propertyIsRequired": true,
                            "propertyName": "namekategory",
                            "propertyType": "String",
                            "uid": "161756344540"
                        }
                    ]
                },
                "relationGroup": {
                    "relations": []
                }
            }
        }
    ],
    "properties": {
        "backendModules": [],
        "description": "",
        "emConf": {
            "category": "plugin",
            "custom_category": "",
            "dependsOn": "typo3 => 11.5.0-11.5.99\n",
            "disableLocalization": false,
            "disableVersioning": false,
            "generateDocumentationTemplate": false,
            "generateEditorConfig": false,
            "generateEmptyGitRepository": false,
            "sourceLanguage": "en",
            "state": "experimental",
            "targetVersion": "11.5.0-11.5.99",
            "version": "1.0.0"
        },
        "extensionKey": "produktshow",
        "name": "Produkts show ",
        "originalExtensionKey": "produktshow",
        "originalVendorName": "Vendor",
        "persons": [],
        "plugins": [
            {
                "actions": {
                    "controllerActionCombinations": "",
                    "noncacheableActions": ""
                },
                "description": "",
                "key": "prs",
                "name": "profukts show"
            }
        ],
        "vendorName": "Vendor"
    },
    "wires": [
        {
            "src": {
                "moduleId": 0,
                "terminal": "relationWire_0",
                "uid": "1161913096095"
            },
            "tgt": {
                "moduleId": 1,
                "terminal": "SOURCES",
                "uid": "556595682407"
            }
        }
    ],
    "storagePath": "C:\/xampp\/htdocs\/schommer\/typo3conf\/ext\/",
    "log": {
        "last_modified": "2024-04-02 03:58",
        "extension_builder_version": "11.0.9",
        "be_user": " (1)"
    }
}