{
    "modules": [],
    "properties": {
        "backendModules": [],
        "description": "all products nativ",
        "emConf": {
            "category": "be",
            "custom_category": "",
            "dependsOn": "typo3 => 11.5.0-11.5.99\n",
            "disableLocalization": false,
            "disableVersioning": false,
            "generateDocumentationTemplate": false,
            "generateEditorConfig": false,
            "generateEmptyGitRepository": false,
            "sourceLanguage": "en",
            "state": "test",
            "targetVersion": "11.5.0-11.5.99",
            "version": "1.0.0"
        },
        "extensionKey": "showproducts",
        "name": "show products",
        "originalExtensionKey": "",
        "originalVendorName": "",
        "persons": [],
        "plugins": [
            {
                "actions": {
                    "controllerActionCombinations": "Product=>list ",
                    "noncacheableActions": ""
                },
                "description": "",
                "key": "allproduct",
                "name": "AllProduct"
            }
        ],
        "vendorName": "All"
    },
    "wires": [],
    "storagePath": "C:\/xampp\/htdocs\/schommer\/typo3conf\/ext\/",
    "log": {
        "last_modified": "2024-03-27 02:11",
        "extension_builder_version": "11.0.9",
        "be_user": " (1)"
    }
}