<T3DataStructure>
	<sheets>
		<sDEF>
			<ROOT>
				<el>
					<hidden>
						<TCEforms>
							<label>Hiding / Display Elements</label>
							<config>
								<type>select</type>
								<renderType>selectSingle</renderType>
								<items type="array">
									<numIndex index="0" type="array">
										<numIndex index="0">none</numIndex>
										<numIndex index="1">0</numIndex>
									</numIndex>
									<numIndex index="1" type="array">
										<numIndex index="0">Hidden only on xs</numIndex>
										<numIndex index="1">d-none d-sm-block</numIndex>
									</numIndex>
									<numIndex index="2" type="array">
										<numIndex index="0">Hidden on sm and down</numIndex>
										<numIndex index="1">d-none d-md-block</numIndex>
									</numIndex>
									<numIndex index="3" type="array">
										<numIndex index="0">Hidden on md and down</numIndex>
										<numIndex index="1">d-none d-lg-block</numIndex>
									</numIndex>
									<numIndex index="4" type="array">
										<numIndex index="0">Hidden on lg and down</numIndex>
										<numIndex index="1">d-none d-xl-block</numIndex>
									</numIndex>
									<numIndex index="5" type="array">
										<numIndex index="0">Hidden only on xl</numIndex>
										<numIndex index="1">d-xl-none</numIndex>
									</numIndex>
									<numIndex index="6" type="array">
										<numIndex index="0">Visible only on xs</numIndex>
										<numIndex index="1">d-block d-sm-none</numIndex>
									</numIndex>
									<numIndex index="7" type="array">
										<numIndex index="0">Visible sm and down</numIndex>
										<numIndex index="1">d-block d-md-none</numIndex>
									</numIndex>
									<numIndex index="8" type="array">
										<numIndex index="0">Visible md and down</numIndex>
										<numIndex index="1">d-block d-lg-none</numIndex>
									</numIndex>
									<numIndex index="9" type="array">
										<numIndex index="0">Visible lg and down</numIndex>
										<numIndex index="1">d-block d-xl-none</numIndex>
									</numIndex>
								</items>
								<default>0</default>
							</config>
						</TCEforms>
					</hidden>
					<style>
						<TCEforms>
							<label>LLL:EXT:t3sbootstrap/Resources/Private/Language/locallang_be.xlf:predefined.styles</label>
							<config>
								<type>select</type>
								<renderType>selectSingle</renderType>
								<items type="array">
									<numIndex index="0" type="array">
										<numIndex index="0">LLL:EXT:t3sbootstrap/Resources/Private/Language/locallang_be.xlf:secondary</numIndex>
										<numIndex index="1">secondary</numIndex>
									</numIndex>
									<numIndex index="1" type="array">
										<numIndex index="0">LLL:EXT:t3sbootstrap/Resources/Private/Language/locallang_be.xlf:primary</numIndex>
										<numIndex index="1">primary</numIndex>
									</numIndex>
									<numIndex index="2" type="array">
										<numIndex index="0">LLL:EXT:t3sbootstrap/Resources/Private/Language/locallang_be.xlf:success</numIndex>
										<numIndex index="1">success</numIndex>
									</numIndex>
									<numIndex index="3" type="array">
										<numIndex index="0">LLL:EXT:t3sbootstrap/Resources/Private/Language/locallang_be.xlf:info</numIndex>
										<numIndex index="1">info</numIndex>
									</numIndex>
									<numIndex index="4" type="array">
										<numIndex index="0">LLL:EXT:t3sbootstrap/Resources/Private/Language/locallang_be.xlf:warning</numIndex>
										<numIndex index="1">warning</numIndex>
									</numIndex>
									<numIndex index="5" type="array">
										<numIndex index="0">LLL:EXT:t3sbootstrap/Resources/Private/Language/locallang_be.xlf:danger</numIndex>
										<numIndex index="1">danger</numIndex>
									</numIndex>
									<numIndex index="6" type="array">
										<numIndex index="0">Dark</numIndex>
										<numIndex index="1">dark</numIndex>
									</numIndex>
									<numIndex index="7" type="array">
										<numIndex index="0">light</numIndex>
										<numIndex index="1">light</numIndex>
									</numIndex>
									<numIndex index="8" type="array">
										<numIndex index="0">LLL:EXT:t3sbootstrap/Resources/Private/Language/locallang_be.xlf:link</numIndex>
										<numIndex index="1">link</numIndex>
									</numIndex>
								</items>
								<default>secondary</default>
							</config>
						</TCEforms>
					</style>
					<btnsize>
						<TCEforms>
							<label>LLL:EXT:t3sbootstrap/Resources/Private/Language/locallang_be.xlf:flexforms.button.size</label>
							<displayCond>USER:T3SBS\T3sbootstrap\UserFunction\TcaMatcher->buttonParent</displayCond>
							<config>
								<type>select</type>
								<renderType>selectSingle</renderType>
								<items type="array">
									<numIndex index="0" type="array">
										<numIndex index="0">LLL:EXT:t3sbootstrap/Resources/Private/Language/locallang_be.xlf:default</numIndex>
										<numIndex index="1">default</numIndex>
									</numIndex>
									<numIndex index="1" type="array">
										<numIndex index="0">LLL:EXT:t3sbootstrap/Resources/Private/Language/locallang_be.xlf:small</numIndex>
										<numIndex index="1">btn-sm</numIndex>
									</numIndex>
									<numIndex index="2" type="array">
										<numIndex index="0">LLL:EXT:t3sbootstrap/Resources/Private/Language/locallang_be.xlf:large</numIndex>
										<numIndex index="1">btn-lg</numIndex>
									</numIndex>
								</items>
								<default>default</default>
							</config>
						</TCEforms>
					</btnsize>
					<block>
						<TCEforms>
							<label>LLL:EXT:t3sbootstrap/Resources/Private/Language/locallang_be.xlf:flexforms.button.block</label>
							<displayCond>USER:T3SBS\T3sbootstrap\UserFunction\TcaMatcher->buttonParent</displayCond>
							<config>
								<type>check</type>
							</config>
						</TCEforms>
					</block>
					<outline>
						<TCEforms>
							<label>LLL:EXT:t3sbootstrap/Resources/Private/Language/locallang_be.xlf:flexforms.button.outline</label>
							<config>
								<type>check</type>
							</config>
						</TCEforms>
					</outline>
					<fixedPosition>
						<TCEforms>
							<label>Fixed position (activate required javascript in extConf)</label>
							<onChange>reload</onChange>
							<displayCond>USER:T3SBS\T3sbootstrap\UserFunction\TcaMatcher->buttonParent</displayCond>
							<config>
								<type>select</type>
								<renderType>selectSingle</renderType>
								<items type="array">
									<numIndex index="0" type="array">
										<numIndex index="0">none</numIndex>
										<numIndex index="1">0</numIndex>
									</numIndex>
									<numIndex index="1" type="array">
										<numIndex index="0">Left browser edge</numIndex>
										<numIndex index="1">left</numIndex>
									</numIndex>
									<numIndex index="2" type="array">
										<numIndex index="0">Right browser edge</numIndex>
										<numIndex index="1">right</numIndex>
									</numIndex>
								</items>
								<default>0</default>
							</config>
						</TCEforms>
					</fixedPosition>
					<rotate>
						<TCEforms>
							<label>Rotate the Button</label>
							<displayCond>FIELD:sDEF.fixedPosition:!=:0</displayCond>
							<config>
								<type>select</type>
								<renderType>selectSingle</renderType>
								<items type="array">
									<numIndex index="0" type="array">
										<numIndex index="0">0 degree</numIndex>
										<numIndex index="1">0</numIndex>
									</numIndex>
									<numIndex index="1" type="array">
										<numIndex index="0">+ 90 degree</numIndex>
										<numIndex index="1">plus</numIndex>
									</numIndex>
									<numIndex index="2" type="array">
										<numIndex index="0">- 90 degree</numIndex>
										<numIndex index="1">minus</numIndex>
									</numIndex>
								</items>
								<default>0</default>
							</config>
						</TCEforms>
					</rotate>
					<linkTitle>
						<TCEforms>
							<label>Link title</label>
							<config>
								<type>input</type>
								<eval>trim</eval>
								<size>20</size>
							</config>
						</TCEforms>
					</linkTitle>
					<dropdownItems>
						<section>1</section>
						<type>array</type>
						<el>
							<list>
								<title>Dropdown Item</title>
								<type>array</type>
								<el>
									<group>
										<TCEforms>
											<label>Input Link</label>
											<config>
												<type>input</type>
												<renderType>inputLink</renderType>
												<size>48</size>
											</config>
										</TCEforms>
									</group>
								</el>
							</list>
						</el>
					</dropdownItems>
					<direction>
						<TCEforms>
							<label>Dropdown direction</label>
							<description>Trigger dropdown menus direction (if dropdown items)</description>
							<displayCond>USER:T3SBS\T3sbootstrap\UserFunction\TcaMatcher->buttonGroup</displayCond>
							<config>
								<type>select</type>
								<renderType>selectSingle</renderType>
								<items type="array">
									<numIndex index="0" type="array">
										<numIndex index="0">dropdown</numIndex>
										<numIndex index="1"></numIndex>
									</numIndex>
									<numIndex index="1" type="array">
										<numIndex index="0">Dropup</numIndex>
										<numIndex index="1">dropup</numIndex>
									</numIndex>
									<numIndex index="2" type="array">
										<numIndex index="0">Dropright</numIndex>
										<numIndex index="1">dropend</numIndex>
									</numIndex>
									<numIndex index="3" type="array">
										<numIndex index="0">Dropleft</numIndex>
										<numIndex index="1">dropstart</numIndex>
									</numIndex>
								</items>
								<default></default>
							</config>
						</TCEforms>
					</direction>
				</el>
			</ROOT>
		</sDEF>
	</sheets>
</T3DataStructure>
