<T3DataStructure>
	<sheets>
		<sDEF>
			<ROOT>
				<TCEforms>
					<sheetTitle>Card Settings</sheetTitle>
				</TCEforms>
				<type>array</type>
				<el>
					<effect>
						<TCEforms>
							<label>Card Hover Effect</label>
							<config>
								<type>select</type>
								<renderType>selectSingle</renderType>
								<items type="array">
									<numIndex index="0" type="array">
										<numIndex index="0">None</numIndex>
										<numIndex index="1">0</numIndex>
									</numIndex>
									<numIndex index="1" type="array">
										<numIndex index="0">zoom and border</numIndex>
										<numIndex index="1">one</numIndex>
									</numIndex>
								</items>
								<default>0</default>
							</config>
						</TCEforms>
					</effect>
					<maxwidth>
						<TCEforms>
							<label>Card max-width == image width</label>
							<displayCond>USER:T3SBS\T3sbootstrap\UserFunction\TcaMatcher->cardWrapperParent</displayCond>
							<config>
								<type>check</type>
							</config>
						</TCEforms>
					</maxwidth>
					<image.overlay>
						<TCEforms>
							<label>LLL:EXT:t3sbootstrap/Resources/Private/Language/locallang_be.xlf:flexforms.card.imageOverlay</label>
							<displayCond>
								<and>
									<numIndex index="0">USER:T3SBS\T3sbootstrap\UserFunction\TcaMatcher->cardWrapperParent</numIndex>
									<numIndex index="1">FIELD:sDEF.multiImage.enable:=:0</numIndex>
								</and>
							</displayCond>
							<config>
								<type>check</type>
							</config>
						</TCEforms>
					</image.overlay>
					<mobile.overlay>
						<TCEforms>
							<label>Image overlay - mobile view only</label>
							<displayCond>
								<and>
									<numIndex index="0">USER:T3SBS\T3sbootstrap\UserFunction\TcaMatcher->cardWrapperParent</numIndex>
									<numIndex index="1">FIELD:sDEF.multiImage.enable:=:0</numIndex>
								</and>
							</displayCond>
							<config>
								<type>check</type>
							</config>
						</TCEforms>
					</mobile.overlay>
					<flipcard>
						<TCEforms>
							<label>Flip Card with Text or Image</label>
							<description>Frontside with image - Backside with text (if "Text Top" available) or image (second image)</description>
							<displayCond>
								<and>
									<numIndex index="0">USER:T3SBS\T3sbootstrap\UserFunction\TcaMatcher->cardWrapperParent</numIndex>
									<numIndex index="1">FIELD:sDEF.multiImage.enable:=:0</numIndex>
								</and>
							</displayCond>
							<onChange>reload</onChange>
							<config>
								<type>check</type>
							</config>
						</TCEforms>
					</flipcard>
					<rotateY>
						<TCEforms>
							<label>Number of rotations in degree</label>
							<displayCond>FIELD:flipcard:=:1</displayCond>
							<config>
								<type>select</type>
								<renderType>selectSingle</renderType>
								<items type="array">
									<numIndex index="0" type="array">
										<numIndex index="0">180deg</numIndex>
										<numIndex index="1">180deg</numIndex>
									</numIndex>
									<numIndex index="1" type="array">
										<numIndex index="0">540deg</numIndex>
										<numIndex index="1">540deg</numIndex>
									</numIndex>
									<numIndex index="2" type="array">
										<numIndex index="0">900deg</numIndex>
										<numIndex index="1">900deg</numIndex>
									</numIndex>
								</items>
								<default>180deg</default>
							</config>
						</TCEforms>
					</rotateY>
					<title.onTop>
						<TCEforms>
							<label>LLL:EXT:t3sbootstrap/Resources/Private/Language/locallang_be.xlf:flexforms.card.titleOnTop</label>
							<config>
								<type>check</type>
							</config>
						</TCEforms>
					</title.onTop>
					<button.enable>
						<TCEforms>
							<onChange>reload</onChange>
							<label>Enable button with header_link</label>
							<config>
								<type>check</type>
							</config>
						</TCEforms>
					</button.enable>
					<button.stretchedLink>
						<TCEforms>
							<label>Stretched link (link the entire Card)</label>
							<displayCond>FIELD:button.enable:=:1</displayCond>
							<config>
								<type>check</type>
							</config>
						</TCEforms>
					</button.stretchedLink>
					<button.style>
						<TCEforms>
							<label>Predefined button styles</label>
							<displayCond>FIELD:button.enable:=:1</displayCond>
							<config>
								<type>select</type>
								<renderType>selectSingle</renderType>
								<items type="array">
									<numIndex index="0" type="array">
										<numIndex index="0">Secondary</numIndex>
										<numIndex index="1">secondary</numIndex>
									</numIndex>
									<numIndex index="1" type="array">
										<numIndex index="0">LLL:EXT:t3sbootstrap/Resources/Private/Language/locallang_be.xlf:primary</numIndex>
										<numIndex index="1">primary</numIndex>
									</numIndex>
									<numIndex index="2" type="array">
										<numIndex index="0">LLL:EXT:t3sbootstrap/Resources/Private/Language/locallang_be.xlf:success</numIndex>
										<numIndex index="1">success</numIndex>
									</numIndex>
									<numIndex index="3" type="array">
										<numIndex index="0">LLL:EXT:t3sbootstrap/Resources/Private/Language/locallang_be.xlf:info</numIndex>
										<numIndex index="1">info</numIndex>
									</numIndex>
									<numIndex index="4" type="array">
										<numIndex index="0">LLL:EXT:t3sbootstrap/Resources/Private/Language/locallang_be.xlf:warning</numIndex>
										<numIndex index="1">warning</numIndex>
									</numIndex>
									<numIndex index="5" type="array">
										<numIndex index="0">LLL:EXT:t3sbootstrap/Resources/Private/Language/locallang_be.xlf:danger</numIndex>
										<numIndex index="1">danger</numIndex>
									</numIndex>
									<numIndex index="6" type="array">
										<numIndex index="0">Link</numIndex>
										<numIndex index="1">card-link</numIndex>
									</numIndex>
								</items>
								<default>secondary</default>
							</config>
						</TCEforms>
					</button.style>
					<button.text>
						<TCEforms>
							<label>LLL:EXT:t3sbootstrap/Resources/Private/Language/locallang_be.xlf:flexforms.card.buttonText</label>
							<displayCond>FIELD:button.enable:=:1</displayCond>
							<config>
								<type>input</type>
								<checkbox></checkbox>
								<eval>trim</eval>
								<size>48</size>
								<max>99</max>
								<default></default>
							</config>
						</TCEforms>
					</button.text>
					<button.outline>
						<TCEforms>
							<label>Button Outline</label>
							<displayCond>FIELD:button.enable:=:1</displayCond>
							<config>
								<type>check</type>
							</config>
						</TCEforms>
					</button.outline>
					<button.footer>
						<TCEforms>
							<label>Button in Card Footer</label>
							<displayCond>FIELD:button.enable:=:1</displayCond>
							<config>
								<type>check</type>
							</config>
						</TCEforms>
					</button.footer>
					<button.block>
						<TCEforms>
							<label>Block level button</label>
							<displayCond>FIELD:button.enable:=:1</displayCond>
							<config>
								<type>check</type>
							</config>
						</TCEforms>
					</button.block>
					<cardborder>
						<TCEforms>
							<label>Custom Border</label>
							<onChange>reload</onChange>
							<config>
								<type>check</type>
							</config>
						</TCEforms>
					</cardborder>
					<cardborderstyle>
						<TCEforms>
							<label>Predefined border styles</label>
							<displayCond>FIELD:sDEF.cardborder:=:1</displayCond>
							<config>
								<type>select</type>
								<renderType>selectSingle</renderType>
								<items type="array">
									<numIndex index="0" type="array">
										<numIndex index="0">LLL:EXT:t3sbootstrap/Resources/Private/Language/locallang_be.xlf:secondary</numIndex>
										<numIndex index="1">secondary</numIndex>
									</numIndex>
									<numIndex index="1" type="array">
										<numIndex index="0">LLL:EXT:t3sbootstrap/Resources/Private/Language/locallang_be.xlf:primary</numIndex>
										<numIndex index="1">primary</numIndex>
									</numIndex>
									<numIndex index="2" type="array">
										<numIndex index="0">LLL:EXT:t3sbootstrap/Resources/Private/Language/locallang_be.xlf:success</numIndex>
										<numIndex index="1">success</numIndex>
									</numIndex>
									<numIndex index="3" type="array">
										<numIndex index="0">LLL:EXT:t3sbootstrap/Resources/Private/Language/locallang_be.xlf:info</numIndex>
										<numIndex index="1">info</numIndex>
									</numIndex>
									<numIndex index="4" type="array">
										<numIndex index="0">LLL:EXT:t3sbootstrap/Resources/Private/Language/locallang_be.xlf:warning</numIndex>
										<numIndex index="1">warning</numIndex>
									</numIndex>
									<numIndex index="5" type="array">
										<numIndex index="0">LLL:EXT:t3sbootstrap/Resources/Private/Language/locallang_be.xlf:danger</numIndex>
										<numIndex index="1">danger</numIndex>
									</numIndex>
									<numIndex index="6" type="array">
										<numIndex index="0">light</numIndex>
										<numIndex index="1">light</numIndex>
									</numIndex>
									<numIndex index="7" type="array">
										<numIndex index="0">dark</numIndex>
										<numIndex index="1">dark</numIndex>
									</numIndex>
									<numIndex index="8" type="array">
										<numIndex index="0">white</numIndex>
										<numIndex index="1">white</numIndex>
									</numIndex>
									<numIndex index="9" type="array">
										<numIndex index="0">none</numIndex>
										<numIndex index="1">0</numIndex>
									</numIndex>
								</items>
								<default>secondary</default>
							</config>
						</TCEforms>
					</cardborderstyle>
					<horizontal>
						<TCEforms>
							<label>Horizontal</label>
							<displayCond>
								<and>
									<numIndex index="0">USER:T3SBS\T3sbootstrap\UserFunction\TcaMatcher->cardWrapperParent</numIndex>
									<numIndex index="1">FIELD:sDEF.multiImage.enable:=:0</numIndex>
								</and>
							</displayCond>
							<config>
								<type>check</type>
							</config>
						</TCEforms>
					</horizontal>
					<multiImage.enable>
						<TCEforms>
							<label>Enable Profile Card</label>
							<description>You need at least two images for the profile card. The second is the circular, smaller image</description>
							<onChange>reload</onChange>
							<config>
								<type>check</type>
							</config>
						</TCEforms>
					</multiImage.enable>
					<multiImage.percent>
						<TCEforms>
							<label>Width of the circular image (in %)</label>
							<displayCond>FIELD:sDEF.multiImage.enable:=:1</displayCond>
							<config>
								<type>input</type>
								<size>5</size>
								<default>50</default>
								<eval>trim,int</eval>
								<range>
									<lower>10</lower>
									<upper>90</upper>
								</range>
								<slider>
									<step>5</step>
									<width>200</width>
								</slider>
							</config>
						</TCEforms>
					</multiImage.percent>
					<multiImage.borderWidth>
						<TCEforms>
							<label>Border width</label>
							<displayCond>FIELD:sDEF.multiImage.enable:=:1</displayCond>
							<config>
								<type>select</type>
								<renderType>selectSingle</renderType>
								<items type="array">
									<numIndex index="0" type="array">
										<numIndex index="0">none</numIndex>
										<numIndex index="1">none</numIndex>
									</numIndex>
									<numIndex index="1" type="array">
										<numIndex index="0">1</numIndex>
										<numIndex index="1">border border-1</numIndex>
									</numIndex>
									<numIndex index="2" type="array">
										<numIndex index="0">2</numIndex>
										<numIndex index="1">border border-2</numIndex>
									</numIndex>
									<numIndex index="3" type="array">
										<numIndex index="0">3</numIndex>
										<numIndex index="1">border border-3</numIndex>
									</numIndex>
									<numIndex index="4" type="array">
										<numIndex index="0">4</numIndex>
										<numIndex index="1">border border-4</numIndex>
									</numIndex>
									<numIndex index="5" type="array">
										<numIndex index="0">5</numIndex>
										<numIndex index="1">border border-5</numIndex>
									</numIndex>
								</items>
								<default>border border-1</default>
								<size>1</size>
							</config>
						</TCEforms>
					</multiImage.borderWidth>
					<multiImage.borderColor>
						<TCEforms>
							<label>Border color</label>
							<displayCond>FIELD:sDEF.multiImage.enable:=:1</displayCond>
							<config>
								<type>select</type>
								<renderType>selectSingle</renderType>
								<items type="array">
									<numIndex index="0" type="array">
										<numIndex index="0">LLL:EXT:t3sbootstrap/Resources/Private/Language/locallang_be.xlf:secondary</numIndex>
										<numIndex index="1">secondary</numIndex>
									</numIndex>
									<numIndex index="1" type="array">
										<numIndex index="0">LLL:EXT:t3sbootstrap/Resources/Private/Language/locallang_be.xlf:primary</numIndex>
										<numIndex index="1">primary</numIndex>
									</numIndex>
									<numIndex index="2" type="array">
										<numIndex index="0">LLL:EXT:t3sbootstrap/Resources/Private/Language/locallang_be.xlf:success</numIndex>
										<numIndex index="1">success</numIndex>
									</numIndex>
									<numIndex index="3" type="array">
										<numIndex index="0">LLL:EXT:t3sbootstrap/Resources/Private/Language/locallang_be.xlf:info</numIndex>
										<numIndex index="1">info</numIndex>
									</numIndex>
									<numIndex index="4" type="array">
										<numIndex index="0">LLL:EXT:t3sbootstrap/Resources/Private/Language/locallang_be.xlf:warning</numIndex>
										<numIndex index="1">warning</numIndex>
									</numIndex>
									<numIndex index="5" type="array">
										<numIndex index="0">LLL:EXT:t3sbootstrap/Resources/Private/Language/locallang_be.xlf:danger</numIndex>
										<numIndex index="1">danger</numIndex>
									</numIndex>
									<numIndex index="6" type="array">
										<numIndex index="0">light</numIndex>
										<numIndex index="1">light</numIndex>
									</numIndex>
									<numIndex index="7" type="array">
										<numIndex index="0">dark</numIndex>
										<numIndex index="1">dark</numIndex>
									</numIndex>
									<numIndex index="8" type="array">
										<numIndex index="0">white</numIndex>
										<numIndex index="1">white</numIndex>
									</numIndex>
									<numIndex index="9" type="array">
										<numIndex index="0">none</numIndex>
										<numIndex index="1">0</numIndex>
									</numIndex>
								</items>
								<default>white</default>
							</config>
						</TCEforms>
					</multiImage.borderColor>
					<multiImage.shadow>
						<TCEforms>
							<label>Shadow</label>
							<displayCond>FIELD:sDEF.multiImage.enable:=:1</displayCond>
							<config>
								<type>check</type>
								<default>1</default>
							</config>
						</TCEforms>
					</multiImage.shadow>
					<multiImage.diagonal>
						<TCEforms>
							<label>Cut image diagonally</label>
							<displayCond>FIELD:sDEF.multiImage.enable:=:1</displayCond>
							<onChange>reload</onChange>
							<config>
								<type>check</type>
							</config>
						</TCEforms>
					</multiImage.diagonal>
					<multiImage.slope>
						<TCEforms>
							<label>Height of the slope (in %)</label>
							 <displayCond>
								<and>
									<numIndex index="0">FIELD:sDEF.multiImage.enable:=:1</numIndex>
									<numIndex index="1">FIELD:sDEF.multiImage.diagonal:=:1</numIndex>
								</and>
							 </displayCond>
							<config>
								<type>input</type>
								<size>5</size>
								<default>50</default>
								<eval>trim,int</eval>
								<range>
									<lower>10</lower>
									<upper>90</upper>
								</range>
								<slider>
									<step>5</step>
									<width>200</width>
								</slider>
							</config>
						</TCEforms>
					</multiImage.slope>
					<multiImage.socialmedia.enable>
						<TCEforms>
							<label>Add some Social Media Links</label>
							<displayCond>FIELD:sDEF.multiImage.enable:=:1</displayCond>
							<onChange>reload</onChange>
							<config>
								<type>check</type>
							</config>
						</TCEforms>
					</multiImage.socialmedia.enable>
					<multiImage.socialmedia.footer>
						<TCEforms>
							<label>Social Media Links in Card Footer</label>
							<displayCond>
								<and>
									<numIndex index="0">FIELD:sDEF.multiImage.enable:=:1</numIndex>
									<numIndex index="1">FIELD:sDEF.multiImage.socialmedia.enable:=:1</numIndex>
								</and>
							</displayCond>
							<config>
								<type>check</type>
							</config>
						</TCEforms>
					</multiImage.socialmedia.footer>
					<multiImage.socialmedia.facebook>
						<TCEforms>
							<label>Facebook</label>
							<displayCond>
								<and>
									<numIndex index="0">FIELD:sDEF.multiImage.enable:=:1</numIndex>
									<numIndex index="1">FIELD:sDEF.multiImage.socialmedia.enable:=:1</numIndex>
								</and>
							</displayCond>
							<config>
								<type>input</type>
								<renderType>inputLink</renderType>
							</config>
						</TCEforms>
					</multiImage.socialmedia.facebook>
					<multiImage.socialmedia.twitter>
						<TCEforms>
							<label>Twitter</label>
							<displayCond>
								<and>
									<numIndex index="0">FIELD:sDEF.multiImage.enable:=:1</numIndex>
									<numIndex index="1">FIELD:sDEF.multiImage.socialmedia.enable:=:1</numIndex>
								</and>
							</displayCond>
							<config>
								<type>input</type>
								<renderType>inputLink</renderType>
							</config>
						</TCEforms>
					</multiImage.socialmedia.twitter>
					<multiImage.socialmedia.google>
						<TCEforms>
							<label>Google-plus</label>
							<displayCond>
								<and>
									<numIndex index="0">FIELD:sDEF.multiImage.enable:=:1</numIndex>
									<numIndex index="1">FIELD:sDEF.multiImage.socialmedia.enable:=:1</numIndex>
								</and>
							</displayCond>
							<config>
								<type>input</type>
								<renderType>inputLink</renderType>
							</config>
						</TCEforms>
					</multiImage.socialmedia.google>
					<multiImage.socialmedia.linkedin>
						<TCEforms>
							<label>Linkedin</label>
							<displayCond>
								<and>
									<numIndex index="0">FIELD:sDEF.multiImage.enable:=:1</numIndex>
									<numIndex index="1">FIELD:sDEF.multiImage.socialmedia.enable:=:1</numIndex>
								</and>
							</displayCond>
							<config>
								<type>input</type>
								<renderType>inputLink</renderType>
							</config>
						</TCEforms>
					</multiImage.socialmedia.linkedin>
					<multiImage.socialmedia.youtube>
						<TCEforms>
							<label>Youtube</label>
							<displayCond>
								<and>
									<numIndex index="0">FIELD:sDEF.multiImage.enable:=:1</numIndex>
									<numIndex index="1">FIELD:sDEF.multiImage.socialmedia.enable:=:1</numIndex>
								</and>
							</displayCond>
							<config>
								<type>input</type>
								<renderType>inputLink</renderType>
							</config>
						</TCEforms>
					</multiImage.socialmedia.youtube>
					<multiImage.socialmedia.instagram>
						<TCEforms>
							<label>Instagram</label>
							<displayCond>
								<and>
									<numIndex index="0">FIELD:sDEF.multiImage.enable:=:1</numIndex>
									<numIndex index="1">FIELD:sDEF.multiImage.socialmedia.enable:=:1</numIndex>
								</and>
							</displayCond>
							<config>
								<type>input</type>
								<renderType>inputLink</renderType>
							</config>
						</TCEforms>
					</multiImage.socialmedia.instagram>
					<multiImage.socialmedia.pinterest>
						<TCEforms>
							<label>Pinterest</label>
							<displayCond>
								<and>
									<numIndex index="0">FIELD:sDEF.multiImage.enable:=:1</numIndex>
									<numIndex index="1">FIELD:sDEF.multiImage.socialmedia.enable:=:1</numIndex>
								</and>
							</displayCond>
							<config>
								<type>input</type>
								<renderType>inputLink</renderType>
							</config>
						</TCEforms>
					</multiImage.socialmedia.pinterest>
					<multiImage.socialmedia.skype>
						<TCEforms>
							<label>Skype</label>
							<displayCond>
								<and>
									<numIndex index="0">FIELD:sDEF.multiImage.enable:=:1</numIndex>
									<numIndex index="1">FIELD:sDEF.multiImage.socialmedia.enable:=:1</numIndex>
								</and>
							</displayCond>
							<config>
								<type>input</type>
								<renderType>inputLink</renderType>
							</config>
						</TCEforms>
					</multiImage.socialmedia.skype>
				</el>
			</ROOT>
		</sDEF>
		<auto>
			<ROOT>
				<type>array</type>
				<TCEforms>
					<sheetTitle>Auto-layout (if parent wrapper)</sheetTitle>
				</TCEforms>
				<type>array</type>
				<el>
					<gridSystem>
						<TCEforms>
							<label>Auto-layout</label>
							<onChange>reload</onChange>
							<displayCond>USER:T3SBS\T3sbootstrap\UserFunction\TcaMatcher->autoLayoutParent</displayCond>
							<config>
								<type>select</type>
								<renderType>selectSingle</renderType>
								<items type="array">
									<numIndex index="0" type="array">
										<numIndex index="0">no .col</numIndex>
										<numIndex index="1">none</numIndex>
									</numIndex>
									<numIndex index="1" type="array">
										<numIndex index="0">Equal-width</numIndex>
										<numIndex index="1">equal</numIndex>
									</numIndex>
									<numIndex index="2" type="array">
										<numIndex index="0">Column width</numIndex>
										<numIndex index="1">column</numIndex>
									</numIndex>
									<numIndex index="3" type="array">
										<numIndex index="0">Variable width content</numIndex>
										<numIndex index="1">variable</numIndex>
									</numIndex>
								</items>
								<default>equal</default>
								<size>1</size>
							</config>
						</TCEforms>
					</gridSystem>
					<newLine>
						<TCEforms>
							<label>New line (break to a new line for multiple rows after this col)</label>
							<displayCond>USER:T3SBS\T3sbootstrap\UserFunction\TcaMatcher->autoLayoutParent</displayCond>
							<config>
								<type>check</type>
							</config>
						</TCEforms>
					</newLine>
					<alignSelf>
						<TCEforms>
							<label>Align self</label>
							 <displayCond>
								  <or>
									<numIndex index="0">USER:T3SBS\T3sbootstrap\UserFunction\TcaMatcher->autoLayoutParent</numIndex>
									<numIndex index="1">USER:T3SBS\T3sbootstrap\UserFunction\TcaMatcher->flexContainerParent</numIndex>
								  </or>
							 </displayCond>
							<config>
								<type>select</type>
								<renderType>selectSingle</renderType>
								<items type="array">
									<numIndex index="0" type="array">
										<numIndex index="0">none</numIndex>
										<numIndex index="1"></numIndex>
									</numIndex>
									<numIndex index="1" type="array">
										<numIndex index="0">start</numIndex>
										<numIndex index="1">start</numIndex>
									</numIndex>
									<numIndex index="2" type="array">
										<numIndex index="0">end</numIndex>
										<numIndex index="1">end</numIndex>
									</numIndex>
									<numIndex index="3" type="array">
										<numIndex index="0">center</numIndex>
										<numIndex index="1">center</numIndex>
									</numIndex>
								</items>
								<default></default>
							</config>
						</TCEforms>
					</alignSelf>
					<responsiveVariations>
						<TCEforms>
							<label>Responsive Variations</label>
								 <displayCond>
								   <or>
										<numIndex index="0">USER:T3SBS\T3sbootstrap\UserFunction\TcaMatcher->autoLayoutParent</numIndex>
										<numIndex index="1">USER:T3SBS\T3sbootstrap\UserFunction\TcaMatcher->flexContainerParent</numIndex>
								   </or>
								 </displayCond>
							<config>
								<type>select</type>
								<renderType>selectSingle</renderType>
								<items type="array">
									<numIndex index="0" type="array">
										<numIndex index="0">none</numIndex>
										<numIndex index="1"></numIndex>
									</numIndex>
									<numIndex index="1" type="array">
										<numIndex index="0">xs</numIndex>
										<numIndex index="1">xs</numIndex>
									</numIndex>
									<numIndex index="2" type="array">
										<numIndex index="0">sm</numIndex>
										<numIndex index="1">sm</numIndex>
									</numIndex>
									<numIndex index="3" type="array">
										<numIndex index="0">md</numIndex>
										<numIndex index="1">md</numIndex>
									</numIndex>
									<numIndex index="4" type="array">
										<numIndex index="0">lg</numIndex>
										<numIndex index="1">lg</numIndex>
									</numIndex>
									<numIndex index="5" type="array">
										<numIndex index="0">xl</numIndex>
										<numIndex index="1">xl</numIndex>
									</numIndex>

								</items>
								<default></default>
								<size>1</size>
							</config>
						</TCEforms>
					</responsiveVariations>
					<autoMargins>
						<TCEforms>
							<label>Auto margins</label>
							<displayCond>USER:T3SBS\T3sbootstrap\UserFunction\TcaMatcher->flexContainerParent</displayCond>
							<config>
								<type>select</type>
								<renderType>selectSingle</renderType>
								<items type="array">
									<numIndex index="0" type="array">
										<numIndex index="0">none</numIndex>
										<numIndex index="1"></numIndex>
									</numIndex>
									<numIndex index="1" type="array">
										<numIndex index="0">right</numIndex>
										<numIndex index="1">mr</numIndex>
									</numIndex>
									<numIndex index="2" type="array">
										<numIndex index="0">left</numIndex>
										<numIndex index="1">ml</numIndex>
									</numIndex>
									<numIndex index="3" type="array">
										<numIndex index="0">top</numIndex>
										<numIndex index="1">mt</numIndex>
									</numIndex>
									<numIndex index="4" type="array">
										<numIndex index="0">bottom</numIndex>
										<numIndex index="1">mb</numIndex>
									</numIndex>
								</items>
								<default></default>
							</config>
						</TCEforms>
					</autoMargins>
					<order>
						<TCEforms>
							<label>Order</label>
							<displayCond>USER:T3SBS\T3sbootstrap\UserFunction\TcaMatcher->flexContainerParent</displayCond>
							<config>
								<type>select</type>
								<renderType>selectSingle</renderType>
								<items type="array">
									<numIndex index="0" type="array">
										<numIndex index="0">none</numIndex>
										<numIndex index="1"></numIndex>
									</numIndex>
									<numIndex index="1" type="array">
										<numIndex index="0">1</numIndex>
										<numIndex index="1">1</numIndex>
									</numIndex>
									<numIndex index="2" type="array">
										<numIndex index="0">2</numIndex>
										<numIndex index="1">2</numIndex>
									</numIndex>
									<numIndex index="3" type="array">
										<numIndex index="0">3</numIndex>
										<numIndex index="1">3</numIndex>
									</numIndex>
									<numIndex index="4" type="array">
										<numIndex index="0">4</numIndex>
										<numIndex index="1">4</numIndex>
									</numIndex>
									<numIndex index="5" type="array">
										<numIndex index="0">5</numIndex>
										<numIndex index="1">5</numIndex>
									</numIndex>
									<numIndex index="6" type="array">
										<numIndex index="0">6</numIndex>
										<numIndex index="1">6</numIndex>
									</numIndex>
									<numIndex index="7" type="array">
										<numIndex index="0">7</numIndex>
										<numIndex index="1">7</numIndex>
									</numIndex>
									<numIndex index="8" type="array">
										<numIndex index="0">8</numIndex>
										<numIndex index="1">8</numIndex>
									</numIndex>
									<numIndex index="9" type="array">
										<numIndex index="0">9</numIndex>
										<numIndex index="1">9</numIndex>
									</numIndex>
									<numIndex index="10" type="array">
										<numIndex index="0">10</numIndex>
										<numIndex index="1">10</numIndex>
									</numIndex>
									<numIndex index="11" type="array">
										<numIndex index="0">11</numIndex>
										<numIndex index="1">11</numIndex>
									</numIndex>
									<numIndex index="12" type="array">
										<numIndex index="0">12</numIndex>
										<numIndex index="1">12</numIndex>
									</numIndex>
								</items>
								<default></default>
								<size>1</size>
							</config>
						</TCEforms>
					</order>

				</el>
			</ROOT>
		</auto>
		<xs>
			<ROOT>
				<type>array</type>
				<TCEforms>
					<sheetTitle>col-*</sheetTitle>
				</TCEforms>
				<type>array</type>
				<el>
					<xsColumns>
						<TCEforms>
							<label>Columns</label>
								 <displayCond>
								   <and>
										<numIndex index="0">USER:T3SBS\T3sbootstrap\UserFunction\TcaMatcher->autoLayoutParent</numIndex>
								   <or>
										<numIndex index="0">FIELD:auto.gridSystem:=:column</numIndex>
										<numIndex index="1">FIELD:auto.gridSystem:=:variable</numIndex>
								   </or>
								   </and>
								 </displayCond>
							<config>
								<type>select</type>
								<renderType>selectSingle</renderType>
								<items type="array">
									<numIndex index="0" type="array">
										<numIndex index="0">none</numIndex>
										<numIndex index="1">0</numIndex>
									</numIndex>
									<numIndex index="1" type="array">
										<numIndex index="0">1</numIndex>
										<numIndex index="1">1</numIndex>
									</numIndex>
									<numIndex index="2" type="array">
										<numIndex index="0">2</numIndex>
										<numIndex index="1">2</numIndex>
									</numIndex>
									<numIndex index="3" type="array">
										<numIndex index="0">3</numIndex>
										<numIndex index="1">3</numIndex>
									</numIndex>
									<numIndex index="4" type="array">
										<numIndex index="0">4</numIndex>
										<numIndex index="1">4</numIndex>
									</numIndex>
									<numIndex index="5" type="array">
										<numIndex index="0">5</numIndex>
										<numIndex index="1">5</numIndex>
									</numIndex>
									<numIndex index="6" type="array">
										<numIndex index="0">6</numIndex>
										<numIndex index="1">6</numIndex>
									</numIndex>
									<numIndex index="7" type="array">
										<numIndex index="0">7</numIndex>
										<numIndex index="1">7</numIndex>
									</numIndex>
									<numIndex index="8" type="array">
										<numIndex index="0">8</numIndex>
										<numIndex index="1">8</numIndex>
									</numIndex>
									<numIndex index="9" type="array">
										<numIndex index="0">9</numIndex>
										<numIndex index="1">9</numIndex>
									</numIndex>
									<numIndex index="10" type="array">
										<numIndex index="0">10</numIndex>
										<numIndex index="1">10</numIndex>
									</numIndex>
									<numIndex index="11" type="array">
										<numIndex index="0">11</numIndex>
										<numIndex index="1">11</numIndex>
									</numIndex>
									<numIndex index="12" type="array">
										<numIndex index="0">12</numIndex>
										<numIndex index="1">12</numIndex>
									</numIndex>
									<numIndex index="13" type="array">
										<numIndex index="0">auto</numIndex>
										<numIndex index="1">auto</numIndex>
									</numIndex>
									<numIndex index="14" type="array">
										<numIndex index="0">equal</numIndex>
										<numIndex index="1">equal</numIndex>
									</numIndex>
								</items>
								<default>0</default>
								<size>1</size>
							</config>
						</TCEforms>
					</xsColumns>
				</el>
			</ROOT>
		</xs>
		<sm>
			<ROOT>
				<type>array</type>
				<TCEforms>
					<sheetTitle>col-sm-*</sheetTitle>
				</TCEforms>
				<type>array</type>
				<el>
					<smColumns>
						<TCEforms>
							<label>Columns</label>
								 <displayCond>
								   <and>
										<numIndex index="0">USER:T3SBS\T3sbootstrap\UserFunction\TcaMatcher->autoLayoutParent</numIndex>
										<numIndex index="1">FIELD:auto.gridSystem:=:variable</numIndex>
								   </and>
								 </displayCond>
							<config>
								<type>select</type>
								<renderType>selectSingle</renderType>
								<items type="array">
									<numIndex index="0" type="array">
										<numIndex index="0">none</numIndex>
										<numIndex index="1">0</numIndex>
									</numIndex>
									<numIndex index="1" type="array">
										<numIndex index="0">1</numIndex>
										<numIndex index="1">1</numIndex>
									</numIndex>
									<numIndex index="2" type="array">
										<numIndex index="0">2</numIndex>
										<numIndex index="1">2</numIndex>
									</numIndex>
									<numIndex index="3" type="array">
										<numIndex index="0">3</numIndex>
										<numIndex index="1">3</numIndex>
									</numIndex>
									<numIndex index="4" type="array">
										<numIndex index="0">4</numIndex>
										<numIndex index="1">4</numIndex>
									</numIndex>
									<numIndex index="5" type="array">
										<numIndex index="0">5</numIndex>
										<numIndex index="1">5</numIndex>
									</numIndex>
									<numIndex index="6" type="array">
										<numIndex index="0">6</numIndex>
										<numIndex index="1">6</numIndex>
									</numIndex>
									<numIndex index="7" type="array">
										<numIndex index="0">7</numIndex>
										<numIndex index="1">7</numIndex>
									</numIndex>
									<numIndex index="8" type="array">
										<numIndex index="0">8</numIndex>
										<numIndex index="1">8</numIndex>
									</numIndex>
									<numIndex index="9" type="array">
										<numIndex index="0">9</numIndex>
										<numIndex index="1">9</numIndex>
									</numIndex>
									<numIndex index="10" type="array">
										<numIndex index="0">10</numIndex>
										<numIndex index="1">10</numIndex>
									</numIndex>
									<numIndex index="11" type="array">
										<numIndex index="0">11</numIndex>
										<numIndex index="1">11</numIndex>
									</numIndex>
									<numIndex index="12" type="array">
										<numIndex index="0">12</numIndex>
										<numIndex index="1">12</numIndex>
									</numIndex>
									<numIndex index="13" type="array">
										<numIndex index="0">auto</numIndex>
										<numIndex index="1">auto</numIndex>
									</numIndex>
									<numIndex index="14" type="array">
										<numIndex index="0">equal</numIndex>
										<numIndex index="1">equal</numIndex>
									</numIndex>
								</items>
								<default>0</default>
								<size>1</size>
							</config>
						</TCEforms>
					</smColumns>
				</el>
			</ROOT>
		</sm>
		<md>
			<ROOT>
				<TCEforms>
					<sheetTitle>col-md-*</sheetTitle>
				</TCEforms>
				<type>array</type>
				<el>
					<mdColumns>
						<TCEforms>
							<label>Columns</label>
								 <displayCond>
								   <and>
										<numIndex index="0">USER:T3SBS\T3sbootstrap\UserFunction\TcaMatcher->autoLayoutParent</numIndex>
										<numIndex index="1">FIELD:auto.gridSystem:=:variable</numIndex>
								   </and>
								 </displayCond>
							<config>
								<type>select</type>
								<renderType>selectSingle</renderType>
								<items type="array">
									<numIndex index="0" type="array">
										<numIndex index="0">none</numIndex>
										<numIndex index="1">0</numIndex>
									</numIndex>
									<numIndex index="1" type="array">
										<numIndex index="0">1</numIndex>
										<numIndex index="1">1</numIndex>
									</numIndex>
									<numIndex index="2" type="array">
										<numIndex index="0">2</numIndex>
										<numIndex index="1">2</numIndex>
									</numIndex>
									<numIndex index="3" type="array">
										<numIndex index="0">3</numIndex>
										<numIndex index="1">3</numIndex>
									</numIndex>
									<numIndex index="4" type="array">
										<numIndex index="0">4</numIndex>
										<numIndex index="1">4</numIndex>
									</numIndex>
									<numIndex index="5" type="array">
										<numIndex index="0">5</numIndex>
										<numIndex index="1">5</numIndex>
									</numIndex>
									<numIndex index="6" type="array">
										<numIndex index="0">6</numIndex>
										<numIndex index="1">6</numIndex>
									</numIndex>
									<numIndex index="7" type="array">
										<numIndex index="0">7</numIndex>
										<numIndex index="1">7</numIndex>
									</numIndex>
									<numIndex index="8" type="array">
										<numIndex index="0">8</numIndex>
										<numIndex index="1">8</numIndex>
									</numIndex>
									<numIndex index="9" type="array">
										<numIndex index="0">9</numIndex>
										<numIndex index="1">9</numIndex>
									</numIndex>
									<numIndex index="10" type="array">
										<numIndex index="0">10</numIndex>
										<numIndex index="1">10</numIndex>
									</numIndex>
									<numIndex index="11" type="array">
										<numIndex index="0">11</numIndex>
										<numIndex index="1">11</numIndex>
									</numIndex>
									<numIndex index="12" type="array">
										<numIndex index="0">12</numIndex>
										<numIndex index="1">12</numIndex>
									</numIndex>
									<numIndex index="13" type="array">
										<numIndex index="0">auto</numIndex>
										<numIndex index="1">auto</numIndex>
									</numIndex>
									<numIndex index="14" type="array">
										<numIndex index="0">equal</numIndex>
										<numIndex index="1">equal</numIndex>
									</numIndex>
								</items>
								<default>0</default>
								<size>1</size>
							</config>
						</TCEforms>
					</mdColumns>

				</el>
			</ROOT>
		</md>
		<lg>
			<ROOT>
				<type>array</type>
				<TCEforms>
					<sheetTitle>col-lg-*</sheetTitle>
				</TCEforms>
				<type>array</type>
				<el>
					<lgColumns>
						<TCEforms>
							<label>Columns</label>
								 <displayCond>
								   <and>
										<numIndex index="0">USER:T3SBS\T3sbootstrap\UserFunction\TcaMatcher->autoLayoutParent</numIndex>
										<numIndex index="1">FIELD:auto.gridSystem:=:variable</numIndex>
								   </and>
								 </displayCond>
							<config>
								<type>select</type>
								<renderType>selectSingle</renderType>
								<items type="array">
									<numIndex index="0" type="array">
										<numIndex index="0">none</numIndex>
										<numIndex index="1">0</numIndex>
									</numIndex>
									<numIndex index="1" type="array">
										<numIndex index="0">1</numIndex>
										<numIndex index="1">1</numIndex>
									</numIndex>
									<numIndex index="2" type="array">
										<numIndex index="0">2</numIndex>
										<numIndex index="1">2</numIndex>
									</numIndex>
									<numIndex index="3" type="array">
										<numIndex index="0">3</numIndex>
										<numIndex index="1">3</numIndex>
									</numIndex>
									<numIndex index="4" type="array">
										<numIndex index="0">4</numIndex>
										<numIndex index="1">4</numIndex>
									</numIndex>
									<numIndex index="5" type="array">
										<numIndex index="0">5</numIndex>
										<numIndex index="1">5</numIndex>
									</numIndex>
									<numIndex index="6" type="array">
										<numIndex index="0">6</numIndex>
										<numIndex index="1">6</numIndex>
									</numIndex>
									<numIndex index="7" type="array">
										<numIndex index="0">7</numIndex>
										<numIndex index="1">7</numIndex>
									</numIndex>
									<numIndex index="8" type="array">
										<numIndex index="0">8</numIndex>
										<numIndex index="1">8</numIndex>
									</numIndex>
									<numIndex index="9" type="array">
										<numIndex index="0">9</numIndex>
										<numIndex index="1">9</numIndex>
									</numIndex>
									<numIndex index="10" type="array">
										<numIndex index="0">10</numIndex>
										<numIndex index="1">10</numIndex>
									</numIndex>
									<numIndex index="11" type="array">
										<numIndex index="0">11</numIndex>
										<numIndex index="1">11</numIndex>
									</numIndex>
									<numIndex index="12" type="array">
										<numIndex index="0">12</numIndex>
										<numIndex index="1">12</numIndex>
									</numIndex>
									<numIndex index="13" type="array">
										<numIndex index="0">auto</numIndex>
										<numIndex index="1">auto</numIndex>
									</numIndex>
									<numIndex index="14" type="array">
										<numIndex index="0">equal</numIndex>
										<numIndex index="1">equal</numIndex>
									</numIndex>
								</items>
								<default>0</default>
								<size>1</size>
							</config>
						</TCEforms>
					</lgColumns>

				</el>
			</ROOT>
		</lg>
		<xl>
			<ROOT>
				<type>array</type>
				<TCEforms>
					<sheetTitle>col-xl-*</sheetTitle>
				</TCEforms>
				<type>array</type>
				<el>

					<xlColumns>
						<TCEforms>
							<label>Columns</label>
								 <displayCond>
								   <and>
										<numIndex index="0">USER:T3SBS\T3sbootstrap\UserFunction\TcaMatcher->autoLayoutParent</numIndex>
										<numIndex index="1">FIELD:auto.gridSystem:=:variable</numIndex>
								   </and>
								 </displayCond>
							<config>
								<type>select</type>
								<renderType>selectSingle</renderType>
								<items type="array">
									<numIndex index="0" type="array">
										<numIndex index="0">none</numIndex>
										<numIndex index="1">0</numIndex>
									</numIndex>
									<numIndex index="1" type="array">
										<numIndex index="0">1</numIndex>
										<numIndex index="1">1</numIndex>
									</numIndex>
									<numIndex index="2" type="array">
										<numIndex index="0">2</numIndex>
										<numIndex index="1">2</numIndex>
									</numIndex>
									<numIndex index="3" type="array">
										<numIndex index="0">3</numIndex>
										<numIndex index="1">3</numIndex>
									</numIndex>
									<numIndex index="4" type="array">
										<numIndex index="0">4</numIndex>
										<numIndex index="1">4</numIndex>
									</numIndex>
									<numIndex index="5" type="array">
										<numIndex index="0">5</numIndex>
										<numIndex index="1">5</numIndex>
									</numIndex>
									<numIndex index="6" type="array">
										<numIndex index="0">6</numIndex>
										<numIndex index="1">6</numIndex>
									</numIndex>
									<numIndex index="7" type="array">
										<numIndex index="0">7</numIndex>
										<numIndex index="1">7</numIndex>
									</numIndex>
									<numIndex index="8" type="array">
										<numIndex index="0">8</numIndex>
										<numIndex index="1">8</numIndex>
									</numIndex>
									<numIndex index="9" type="array">
										<numIndex index="0">9</numIndex>
										<numIndex index="1">9</numIndex>
									</numIndex>
									<numIndex index="10" type="array">
										<numIndex index="0">10</numIndex>
										<numIndex index="1">10</numIndex>
									</numIndex>
									<numIndex index="11" type="array">
										<numIndex index="0">11</numIndex>
										<numIndex index="1">11</numIndex>
									</numIndex>
									<numIndex index="12" type="array">
										<numIndex index="0">12</numIndex>
										<numIndex index="1">12</numIndex>
									</numIndex>
									<numIndex index="13" type="array">
										<numIndex index="0">auto</numIndex>
										<numIndex index="1">auto</numIndex>
									</numIndex>
									<numIndex index="14" type="array">
										<numIndex index="0">equal</numIndex>
										<numIndex index="1">equal</numIndex>
									</numIndex>
								</items>
								<default>0</default>
								<size>1</size>
							</config>
						</TCEforms>
					</xlColumns>
				</el>
			</ROOT>
		</xl>
		<xxl>
			<ROOT>
				<type>array</type>
				<TCEforms>
					<sheetTitle>col-xxl-*</sheetTitle>
				</TCEforms>
				<type>array</type>
				<el>
					<xxlColumns>
						<TCEforms>
							<label>Columns</label>
								 <displayCond>
								   <and>
										<numIndex index="0">USER:T3SBS\T3sbootstrap\UserFunction\TcaMatcher->autoLayoutParent</numIndex>
										<numIndex index="1">FIELD:auto.gridSystem:=:variable</numIndex>
								   </and>
								 </displayCond>
							<config>
								<type>select</type>
								<renderType>selectSingle</renderType>
								<items type="array">
									<numIndex index="0" type="array">
										<numIndex index="0">none</numIndex>
										<numIndex index="1">0</numIndex>
									</numIndex>
									<numIndex index="1" type="array">
										<numIndex index="0">1</numIndex>
										<numIndex index="1">1</numIndex>
									</numIndex>
									<numIndex index="2" type="array">
										<numIndex index="0">2</numIndex>
										<numIndex index="1">2</numIndex>
									</numIndex>
									<numIndex index="3" type="array">
										<numIndex index="0">3</numIndex>
										<numIndex index="1">3</numIndex>
									</numIndex>
									<numIndex index="4" type="array">
										<numIndex index="0">4</numIndex>
										<numIndex index="1">4</numIndex>
									</numIndex>
									<numIndex index="5" type="array">
										<numIndex index="0">5</numIndex>
										<numIndex index="1">5</numIndex>
									</numIndex>
									<numIndex index="6" type="array">
										<numIndex index="0">6</numIndex>
										<numIndex index="1">6</numIndex>
									</numIndex>
									<numIndex index="7" type="array">
										<numIndex index="0">7</numIndex>
										<numIndex index="1">7</numIndex>
									</numIndex>
									<numIndex index="8" type="array">
										<numIndex index="0">8</numIndex>
										<numIndex index="1">8</numIndex>
									</numIndex>
									<numIndex index="9" type="array">
										<numIndex index="0">9</numIndex>
										<numIndex index="1">9</numIndex>
									</numIndex>
									<numIndex index="10" type="array">
										<numIndex index="0">10</numIndex>
										<numIndex index="1">10</numIndex>
									</numIndex>
									<numIndex index="11" type="array">
										<numIndex index="0">11</numIndex>
										<numIndex index="1">11</numIndex>
									</numIndex>
									<numIndex index="12" type="array">
										<numIndex index="0">12</numIndex>
										<numIndex index="1">12</numIndex>
									</numIndex>
									<numIndex index="13" type="array">
										<numIndex index="0">auto</numIndex>
										<numIndex index="1">auto</numIndex>
									</numIndex>
									<numIndex index="14" type="array">
										<numIndex index="0">equal</numIndex>
										<numIndex index="1">equal</numIndex>
									</numIndex>
								</items>
								<default>0</default>
								<size>1</size>
							</config>
						</TCEforms>
					</xxlColumns>
				</el>
			</ROOT>
		</xxl>
	</sheets>
</T3DataStructure>