<T3DataStructure>
	<sheets>
		<general>
			<ROOT>
				<type>array</type>
				<TCEforms>
					<sheetTitle>General</sheetTitle>
				</TCEforms>
				<el>
					<shift>
						<TCEforms>
							<label>Vertical shift in % ( 0 = center, range: -60 to 60 )</label>
							<displayCond>USER:T3SBS\T3sbootstrap\UserFunction\TcaMatcher->isLocalVideo</displayCond>
							<config>
								<type>input</type>
								<size>5</size>
								<default>0</default>
								<eval>int</eval>
								<range>
									<lower>-60</lower>
									<upper>60</upper>
								</range>
								<slider>
									<step>1</step>
									<width>200</width>
								</slider>
							</config>
						</TCEforms>
					</shift>
					<loop>
						<TCEforms>
							<label>Loop (local video)</label>
							<displayCond>USER:T3SBS\T3sbootstrap\UserFunction\TcaMatcher->isLocalVideo</displayCond>
							<config>
								<type>check</type>
							</config>
						</TCEforms>
					</loop>
					<muted>
						<TCEforms>
							<label>Muted (local video)</label>
							<displayCond>USER:T3SBS\T3sbootstrap\UserFunction\TcaMatcher->isLocalVideo</displayCond>
							<config>
								<type>check</type>
							</config>
						</TCEforms>
					</muted>
					<controls>
						<TCEforms>
							<label>Controls (local video)</label>
							<displayCond>USER:T3SBS\T3sbootstrap\UserFunction\TcaMatcher->isLocalVideo</displayCond>
							<config>
								<type>check</type>
							</config>
						</TCEforms>
					</controls>
					<playsinline>
						<TCEforms>
							<label>Playsinline (local video)</label>
							<displayCond>USER:T3SBS\T3sbootstrap\UserFunction\TcaMatcher->isLocalVideo</displayCond>
							<config>
								<type>check</type>
							</config>
						</TCEforms>
					</playsinline>
					<bgOverlay>
						<TCEforms>
							<label>Background color for caption</label>
							<config>
								<type>select</type>
								<renderType>selectSingle</renderType>
								<items type="array">
									<numIndex index="0" type="array">
										<numIndex index="0">none</numIndex>
										<numIndex index="1">0</numIndex>
									</numIndex>
									<numIndex index="1" type="array">
										<numIndex index="0">Caption only</numIndex>
										<numIndex index="1">caption</numIndex>
									</numIndex>
									<numIndex index="2" type="array">
										<numIndex index="0">Entire image (overlay)</numIndex>
										<numIndex index="1">image</numIndex>
									</numIndex>
								</items>
								<default>0</default>
							</config>
						</TCEforms>
					</bgOverlay>
					<captionVAlign>
						<TCEforms>
							<label>Caption vertical align</label>
							<config>
								<type>select</type>
								<renderType>selectSingle</renderType>
								<items type="array">
									<numIndex index="0" type="array">
										<numIndex index="0">Top</numIndex>
										<numIndex index="1">top</numIndex>
									</numIndex>
									<numIndex index="1" type="array">
										<numIndex index="0">Center</numIndex>
										<numIndex index="1">center</numIndex>
									</numIndex>
									<numIndex index="2" type="array">
										<numIndex index="0">Bottom</numIndex>
										<numIndex index="1">end</numIndex>
									</numIndex>
								</items>
								<default>end</default>
							</config>
						</TCEforms>
					</captionVAlign>
				</el>
			</ROOT>
		</general>
	</sheets>
</T3DataStructure>