<T3DataStructure>
	<sheets>
		<sDEF>
			<ROOT>
				<TCEforms>
					<sheetTitle>Settings</sheetTitle>
				</TCEforms>
				<type>array</type>
				<el>
					<settings.consent.contentByUid>
						<TCEforms>
							<label>Content Consent (loaded by Ajax)</label>
							<config>
								<type>group</type>
								<internal_type>db</internal_type>
								<allowed>tt_content</allowed>
								<size>1</size>
								<maxitems>1</maxitems>
								<minitems>0</minitems>
								<show_thumbs>1</show_thumbs>
								<wizards>
									<suggest>
										<type>suggest</type>
										<default>
											<searchWholePhrase>1</searchWholePhrase>
										</default>
									</suggest>
								</wizards>
							</config>
						</TCEforms>
					</settings.consent.contentByUid>

					<settings.consent.text>
						<TCEforms>
							<label>Text</label>
							<config>
								<checkbox>0</checkbox>
								<type>text</type>
								<enableRichtext>true</enableRichtext>
							</config>
						</TCEforms>
					</settings.consent.text>

					<settings.consent.button>
						<TCEforms>
							<label>Button Text</label>
							<config>
								<checkbox>0</checkbox>
								<default>allow</default>
								<type>input</type>
								<size>20</size>
							</config>
						</TCEforms>
					</settings.consent.button>


					<settings.consent.buttonStyle>
						<TCEforms>
							<label>Button Style </label>
							<config>
								<type>select</type>
								<renderType>selectSingle</renderType>
								<items type="array">
									<numIndex index="0" type="array">
										<numIndex index="0">LLL:EXT:t3sbootstrap/Resources/Private/Language/locallang_be.xlf:secondary</numIndex>
										<numIndex index="1">secondary</numIndex>
									</numIndex>
									<numIndex index="1" type="array">
										<numIndex index="0">LLL:EXT:t3sbootstrap/Resources/Private/Language/locallang_be.xlf:primary</numIndex>
										<numIndex index="1">primary</numIndex>
									</numIndex>
									<numIndex index="2" type="array">
										<numIndex index="0">LLL:EXT:t3sbootstrap/Resources/Private/Language/locallang_be.xlf:success</numIndex>
										<numIndex index="1">success</numIndex>
									</numIndex>
									<numIndex index="3" type="array">
										<numIndex index="0">LLL:EXT:t3sbootstrap/Resources/Private/Language/locallang_be.xlf:info</numIndex>
										<numIndex index="1">info</numIndex>
									</numIndex>
									<numIndex index="4" type="array">
										<numIndex index="0">LLL:EXT:t3sbootstrap/Resources/Private/Language/locallang_be.xlf:warning</numIndex>
										<numIndex index="1">warning</numIndex>
									</numIndex>
									<numIndex index="5" type="array">
										<numIndex index="0">LLL:EXT:t3sbootstrap/Resources/Private/Language/locallang_be.xlf:danger</numIndex>
										<numIndex index="1">danger</numIndex>
									</numIndex>
									<numIndex index="6" type="array">
										<numIndex index="0">Dark</numIndex>
										<numIndex index="1">dark</numIndex>
									</numIndex>
									<numIndex index="7" type="array">
										<numIndex index="0">light</numIndex>
										<numIndex index="1">light</numIndex>
									</numIndex>
									<numIndex index="8" type="array">
										<numIndex index="0">LLL:EXT:t3sbootstrap/Resources/Private/Language/locallang_be.xlf:link</numIndex>
										<numIndex index="1">link</numIndex>
									</numIndex>
								</items>
								<default>warning</default>
							</config>
						</TCEforms>
					</settings.consent.buttonStyle>

					<settings.consent.extraClass>
						<TCEforms>
							<label>Extra Class</label>
							<config>
								<checkbox>0</checkbox>
								<default>bg-info</default>
								<type>input</type>
								<size>20</size>
							</config>
						</TCEforms>
					</settings.consent.extraClass>
<!--
					<settings.consent.loading>
						<TCEforms>
							<label>Loading GIF</label>
							<config>
								<type>check</type>
								<default>1</default>
							</config>
						</TCEforms>
					</settings.consent.loading>
-->
					<settings.consent.cookie>
						<TCEforms>
							<label>Set cookie if approved</label>
							<config>
								<type>check</type>
								<default>1</default>
							</config>
						</TCEforms>
					</settings.consent.cookie>

					<settings.consent.autoSize>
						<TCEforms>
							<label>Thumbnail and video ratio (default 16by9)</label>
							<config>
								<type>select</type>
								<renderType>selectSingle</renderType>
								<items type="array">
									<numIndex index="0" type="array">
										<numIndex index="0">4by3</numIndex>
										<numIndex index="1">3 / 4</numIndex>
									</numIndex>
									<numIndex index="1" type="array">
										<numIndex index="0">16by9</numIndex>
										<numIndex index="1">9 / 16</numIndex>
									</numIndex>
									<numIndex index="2" type="array">
										<numIndex index="0">21by9</numIndex>
										<numIndex index="1">9 / 21</numIndex>
									</numIndex>
								</items>
								<default>9 / 16</default>
							</config>
						</TCEforms>
					</settings.consent.autoSize>

					<previewImage>
						<TCEforms>
								 <label>Thumbnail (background-image)</label>
								 <config>
								  <type>inline</type>
								  <foreign_table>sys_file_reference</foreign_table>
								  <foreign_field>uid_foreign</foreign_field>
								  <foreign_sortby>sorting_foreign</foreign_sortby>
								  <foreign_table_field>tablenames</foreign_table_field>
								  <foreign_match_fields>
									  <fieldname>consentpreviewimage</fieldname>
								  </foreign_match_fields>
								  <foreign_label>uid_local</foreign_label>
								  <foreign_selector>uid_local</foreign_selector>
								  <overrideChildTca>
									  <columns>
											<uid_local>
												 <config>
												  <appearance>
													  <elementBrowserType>file</elementBrowserType>
													  <elementBrowserAllowed>gif,jpg,jpeg,png</elementBrowserAllowed>
												  </appearance>
												 </config>
											</uid_local>
									  </columns>
								  </overrideChildTca>
								  <filter>
									  <userFunc>TYPO3\CMS\Core\Resource\Filter\FileExtensionFilter->filterInlineChildren</userFunc>
									  <parameters>
											<allowedFileExtensions></allowedFileExtensions>
											<disallowedFileExtensions></disallowedFileExtensions>
									  </parameters>
								  </filter>
								  <appearance>
									  <useSortable>0</useSortable>
									  <headerThumbnail>
											<field>uid_local</field>
											<width>45</width>
											<height>45c</height>
									  </headerThumbnail>
									  <enabledControls>
											<info>1</info>
											<new>0</new>
											<dragdrop>1</dragdrop>
											<sort>0</sort>
											<hide>1</hide>
											<delete>1</delete>
									  </enabledControls>
								  </appearance>
								 </config>
						</TCEforms>
					</previewImage>

				</el>
			</ROOT>
		</sDEF>

	</sheets>
</T3DataStructure>
