<T3DataStructure>
	<sheets>
		<sDEF>
			<ROOT>
				<type>array</type>
				<TCEforms>
					<sheetTitle>Settings</sheetTitle>
				</TCEforms>
				<type>array</type>
				<el>
					<hidden>
						<TCEforms>
							<label>Hiding / Display Elements</label>
							<config>
								<type>select</type>
								<renderType>selectSingle</renderType>
								<items type="array">
									<numIndex index="0" type="array">
										<numIndex index="0">none</numIndex>
										<numIndex index="1">0</numIndex>
									</numIndex>
									<numIndex index="1" type="array">
										<numIndex index="0">Hidden only on xs</numIndex>
										<numIndex index="1">d-none d-sm-block</numIndex>
									</numIndex>
									<numIndex index="2" type="array">
										<numIndex index="0">Hidden on sm and down</numIndex>
										<numIndex index="1">d-none d-md-block</numIndex>
									</numIndex>
									<numIndex index="3" type="array">
										<numIndex index="0">Hidden on md and down</numIndex>
										<numIndex index="1">d-none d-lg-block</numIndex>
									</numIndex>
									<numIndex index="4" type="array">
										<numIndex index="0">Hidden on lg and down</numIndex>
										<numIndex index="1">d-none d-xl-block</numIndex>
									</numIndex>
									<numIndex index="5" type="array">
										<numIndex index="0">Hidden only on xl</numIndex>
										<numIndex index="1">d-xl-none</numIndex>
									</numIndex>
									<numIndex index="6" type="array">
										<numIndex index="0">Visible only on xs</numIndex>
										<numIndex index="1">d-block d-sm-none</numIndex>
									</numIndex>
									<numIndex index="7" type="array">
										<numIndex index="0">Visible sm and down</numIndex>
										<numIndex index="1">d-block d-md-none</numIndex>
									</numIndex>
									<numIndex index="8" type="array">
										<numIndex index="0">Visible md and down</numIndex>
										<numIndex index="1">d-block d-lg-none</numIndex>
									</numIndex>
									<numIndex index="9" type="array">
										<numIndex index="0">Visible lg and down</numIndex>
										<numIndex index="1">d-block d-xl-none</numIndex>
									</numIndex>
								</items>
								<default>0</default>
							</config>
						</TCEforms>
					</hidden>

					<order>
						<TCEforms>
							<label>Change the order of content in media objects</label>
							<config>
								<type>select</type>
								<renderType>selectSingle</renderType>
								<items type="array">
									<numIndex index="0" type="array">
										<numIndex index="0">left</numIndex>
										<numIndex index="1">left</numIndex>
									</numIndex>
									<numIndex index="1" type="array">
										<numIndex index="0">right</numIndex>
										<numIndex index="1">right</numIndex>
									</numIndex>
								</items>
								<default>left</default>
							</config>
						</TCEforms>
					</order>

					<border>
						<TCEforms>
							<label>Border</label>
							<onChange>reload</onChange>
							<config>
								<type>check</type>
							</config>
						</TCEforms>
					</border>
					<borderstyle>
						<TCEforms>
							<label>Predefined border styles</label>
							<displayCond>FIELD:sDEF.border:=:1</displayCond>
							<config>
								<type>select</type>
								<renderType>selectSingle</renderType>
								<items type="array">
									<numIndex index="0" type="array">
										<numIndex index="0">LLL:EXT:t3sbootstrap/Resources/Private/Language/locallang_be.xlf:secondary</numIndex>
										<numIndex index="1">secondary</numIndex>
									</numIndex>
									<numIndex index="1" type="array">
										<numIndex index="0">LLL:EXT:t3sbootstrap/Resources/Private/Language/locallang_be.xlf:primary</numIndex>
										<numIndex index="1">primary</numIndex>
									</numIndex>
									<numIndex index="2" type="array">
										<numIndex index="0">LLL:EXT:t3sbootstrap/Resources/Private/Language/locallang_be.xlf:success</numIndex>
										<numIndex index="1">success</numIndex>
									</numIndex>
									<numIndex index="3" type="array">
										<numIndex index="0">LLL:EXT:t3sbootstrap/Resources/Private/Language/locallang_be.xlf:info</numIndex>
										<numIndex index="1">info</numIndex>
									</numIndex>
									<numIndex index="4" type="array">
										<numIndex index="0">LLL:EXT:t3sbootstrap/Resources/Private/Language/locallang_be.xlf:warning</numIndex>
										<numIndex index="1">warning</numIndex>
									</numIndex>
									<numIndex index="5" type="array">
										<numIndex index="0">LLL:EXT:t3sbootstrap/Resources/Private/Language/locallang_be.xlf:danger</numIndex>
										<numIndex index="1">danger</numIndex>
									</numIndex>
									<numIndex index="6" type="array">
										<numIndex index="0">light</numIndex>
										<numIndex index="1">light</numIndex>
									</numIndex>
									<numIndex index="7" type="array">
										<numIndex index="0">dark</numIndex>
										<numIndex index="1">dark</numIndex>
									</numIndex>
									<numIndex index="8" type="array">
										<numIndex index="0">white</numIndex>
										<numIndex index="1">white</numIndex>
									</numIndex>
								</items>
								<default>secondary</default>
							</config>
						</TCEforms>
					</borderstyle>

					<borderradius>
						<TCEforms>
							<label>Predefined border radius</label>
							<displayCond>FIELD:sDEF.border:=:1</displayCond>
							<config>
								<type>select</type>
								<renderType>selectSingle</renderType>
								<items type="array">
									<numIndex index="0" type="array">
										<numIndex index="0">none</numIndex>
										<numIndex index="1">none</numIndex>
									</numIndex>
									<numIndex index="1" type="array">
										<numIndex index="0">rounded</numIndex>
										<numIndex index="1">rounded</numIndex>
									</numIndex>
									<numIndex index="2" type="array">
										<numIndex index="0">rounded-top</numIndex>
										<numIndex index="1">rounded-top</numIndex>
									</numIndex>
									<numIndex index="3" type="array">
										<numIndex index="0">rounded-right</numIndex>
										<numIndex index="1">rounded-end</numIndex>
									</numIndex>
									<numIndex index="4" type="array">
										<numIndex index="0">rounded-bottom</numIndex>
										<numIndex index="1">rounded-bottom</numIndex>
									</numIndex>
									<numIndex index="5" type="array">
										<numIndex index="0">rounded-left</numIndex>
										<numIndex index="1">rounded-start</numIndex>
									</numIndex>
									<numIndex index="6" type="array">
										<numIndex index="0">rounded-circle</numIndex>
										<numIndex index="1">rounded-circle</numIndex>
									</numIndex>
								</items>
								<default>none</default>
							</config>
						</TCEforms>
					</borderradius>

				</el>
			</ROOT>
		</sDEF>

	</sheets>
</T3DataStructure>