<T3DataStructure>
	<sheets>
		<general>
			<ROOT>
				<type>array</type>
				<TCEforms>
					<sheetTitle>General</sheetTitle>
				</TCEforms>
				<el>
					<animation>
						<TCEforms>
							<label>Animation (apply a CSS fade transition to the toast)</label>
							<config>
								<type>check</type>
								<default>1</default>
							</config>
						</TCEforms>
					</animation>
					<autohide>
						<TCEforms>
							<label>Autohide (auto hide the toast)</label>
							<onChange>reload</onChange>
							<config>
								<type>check</type>
								<default>1</default>
							</config>
						</TCEforms>
					</autohide>
					<delay>
						<TCEforms>
							<label>Delay in ms (delay hiding the toast)</label>
							<displayCond>FIELD:general.autohide:=:1</displayCond>
							<config>
								<type>input</type>
								<size>5</size>
								<default>5000</default>
								<eval>int</eval>
							</config>
						</TCEforms>
					</delay>
					<placement>
						<TCEforms>
							<label>Placement</label>
							<displayCond>USER:T3SBS\T3sbootstrap\UserFunction\TcaMatcher->toastContainerParent</displayCond>
							<config>
								<type>select</type>
								<renderType>selectSingle</renderType>
								<items type="array">
									<numIndex index="0" type="array">
										<numIndex index="0">default</numIndex>
										<numIndex index="1">top-0 start-50 translate-middle-x</numIndex>
									</numIndex>
									<numIndex index="1" type="array">
										<numIndex index="0">Top left</numIndex>
										<numIndex index="1">top-0 start-0</numIndex>
									</numIndex>
									<numIndex index="2" type="array">
										<numIndex index="0">Top center</numIndex>
										<numIndex index="1">top-0 start-50 translate-middle-x</numIndex>
									</numIndex>
									<numIndex index="3" type="array">
										<numIndex index="0">Top right</numIndex>
										<numIndex index="1">top-0 end-0</numIndex>
									</numIndex>

									<numIndex index="4" type="array">
										<numIndex index="0">Middle left</numIndex>
										<numIndex index="1">top-50 start-0 translate-middle-y</numIndex>
									</numIndex>
									<numIndex index="5" type="array">
										<numIndex index="0">Middle center</numIndex>
										<numIndex index="1">top-50 start-50 translate-middle</numIndex>
									</numIndex>
									<numIndex index="6" type="array">
										<numIndex index="0">Middle right</numIndex>
										<numIndex index="1">top-50 end-0 translate-middle-y</numIndex>
									</numIndex>

									<numIndex index="7" type="array">
										<numIndex index="0">Bottom left</numIndex>
										<numIndex index="1">bottom-0 start-0</numIndex>
									</numIndex>
									<numIndex index="8" type="array">
										<numIndex index="0">Bottom center</numIndex>
										<numIndex index="1">bottom-0 start-50 translate-middle-x</numIndex>
									</numIndex>
									<numIndex index="9" type="array">
										<numIndex index="0">Bottom right</numIndex>
										<numIndex index="1">bottom-0 end-0</numIndex>
									</numIndex>

								</items>
								<default>top-0 start-50 translate-middle-x</default>
							</config>
						</TCEforms>
					</placement>
					<toastwidth>
						<TCEforms>
							<label>Width of the toast in (px)</label>
							<config>
								<type>input</type>
								<size>5</size>
								<default>350</default>
								<eval>int</eval>
							</config>
						</TCEforms>
					</toastwidth>
					<cookie>
						<TCEforms>
							<label>Set cookie</label>
							<description>Option to do not display the toast again until the expiration date or the "toast-body" content is changed.</description>
							<onChange>reload</onChange>
							<config>
								<type>check</type>
								<default>0</default>
							</config>
						</TCEforms>
					</cookie>
					<expires>
						<TCEforms>
							<label>Cookie expiration in days</label>
							<displayCond>FIELD:general.cookie:=:1</displayCond>
							<config>
								<type>input</type>
								<size>5</size>
								<default>30</default>
								<eval>int</eval>
							</config>
						</TCEforms>
					</expires>
				</el>
			</ROOT>
		</general>
	</sheets>
</T3DataStructure>