<T3DataStructure>
	<sheets>
		<sDEF>
			<ROOT>
				<type>array</type>
				<TCEforms>
					<sheetTitle>LLL:EXT:t3sbootstrap/Resources/Private/Language/locallang_be.xlf:flexforms.settings</sheetTitle>
				</TCEforms>
				<el>
					<hidden>
						<TCEforms>
							<label>Hiding / Display Elements</label>
							<config>
								<type>select</type>
								<renderType>selectSingle</renderType>
								<items type="array">
									<numIndex index="0" type="array">
										<numIndex index="0">none</numIndex>
										<numIndex index="1">0</numIndex>
									</numIndex>
									<numIndex index="1" type="array">
										<numIndex index="0">Hidden only on xs</numIndex>
										<numIndex index="1">d-none d-sm-block</numIndex>
									</numIndex>
									<numIndex index="2" type="array">
										<numIndex index="0">Hidden on sm and down</numIndex>
										<numIndex index="1">d-none d-md-block</numIndex>
									</numIndex>
									<numIndex index="3" type="array">
										<numIndex index="0">Hidden on md and down</numIndex>
										<numIndex index="1">d-none d-lg-block</numIndex>
									</numIndex>
									<numIndex index="4" type="array">
										<numIndex index="0">Hidden on lg and down</numIndex>
										<numIndex index="1">d-none d-xl-block</numIndex>
									</numIndex>
									<numIndex index="5" type="array">
										<numIndex index="0">Hidden only on xl</numIndex>
										<numIndex index="1">d-xl-none</numIndex>
									</numIndex>
									<numIndex index="6" type="array">
										<numIndex index="0">Visible only on xs</numIndex>
										<numIndex index="1">d-block d-sm-none</numIndex>
									</numIndex>
									<numIndex index="7" type="array">
										<numIndex index="0">Visible sm and down</numIndex>
										<numIndex index="1">d-block d-md-none</numIndex>
									</numIndex>
									<numIndex index="8" type="array">
										<numIndex index="0">Visible md and down</numIndex>
										<numIndex index="1">d-block d-lg-none</numIndex>
									</numIndex>
									<numIndex index="9" type="array">
										<numIndex index="0">Visible lg and down</numIndex>
										<numIndex index="1">d-block d-xl-none</numIndex>
									</numIndex>
								</items>
								<default>0</default>
							</config>
						</TCEforms>
					</hidden>

					<contentByPid>
						<TCEforms>
							<label>Page for the Tab Element content (colPos=0)</label>
							<config>
								<type>group</type>
								<internal_type>db</internal_type>
								<allowed>pages</allowed>
								<size>3</size>
								<maxitems>1</maxitems>
								<minitems>0</minitems>
								<show_thumbs>1</show_thumbs>
								<wizards>
									<suggest>
										<type>suggest</type>
										<default>
											<searchWholePhrase>1</searchWholePhrase>
										</default>
									</suggest>
								</wizards>
							</config>
						</TCEforms>
					</contentByPid>
				</el>
			</ROOT>
		</sDEF>
	</sheets>
</T3DataStructure>