<T3DataStructure>
	<sheets>
		<sDEF>
			<ROOT>
				<TCEforms>
					<sheetTitle>Settings</sheetTitle>
				</TCEforms>
				<el>
					<equalWidth>
						<TCEforms>
							<label>Equal width</label>
							<onChange>reload</onChange>
							<config>
								<type>check</type>
								<default>0</default>
							</config>
						</TCEforms>
					</equalWidth>
					<equalHeight>
						<TCEforms>
							<label>Equal height</label>
							<config>
								<type>check</type>
								<default>0</default>
							</config>
						</TCEforms>
					</equalHeight>
					<horizontalGutters>
						<TCEforms>
							<label>Horizontal gutters</label>
							<description>INFO: https://getbootstrap.com/docs/5.1/layout/gutters/#horizontal-gutters</description>
							<config>
								<type>select</type>
								<renderType>selectSingle</renderType>
								<items type="array">
									<numIndex index="0" type="array">
										<numIndex index="0">gx-0 (no gutters)</numIndex>
										<numIndex index="1">gx-0</numIndex>
									</numIndex>
									<numIndex index="1" type="array">
										<numIndex index="0">gx-1</numIndex>
										<numIndex index="1">gx-1</numIndex>
									</numIndex>
									<numIndex index="2" type="array">
										<numIndex index="0">gx-2</numIndex>
										<numIndex index="1">gx-2</numIndex>
									</numIndex>
									<numIndex index="3" type="array">
										<numIndex index="0">gx-3</numIndex>
										<numIndex index="1">gx-3</numIndex>
									</numIndex>
									<numIndex index="4" type="array">
										<numIndex index="0">gx-4 (default)</numIndex>
										<numIndex index="1"></numIndex>
									</numIndex>
									<numIndex index="5" type="array">
										<numIndex index="0">gx-5</numIndex>
										<numIndex index="1">gx-5</numIndex>
									</numIndex>
								</items>
								<default></default>
							</config>
						</TCEforms>
					</horizontalGutters>
					<verticalGutters>
						<TCEforms>
							<label>Vertical gutters</label>
							<description>INFO: https://getbootstrap.com/docs/5.1/layout/gutters/#vertical-gutters</description>
							<config>
								<type>select</type>
								<renderType>selectSingle</renderType>
								<items type="array">
									<numIndex index="0" type="array">
										<numIndex index="0">gy-0 (no gutters)</numIndex>
										<numIndex index="1">gy-0</numIndex>
									</numIndex>
									<numIndex index="1" type="array">
										<numIndex index="0">gy-1</numIndex>
										<numIndex index="1">gy-1</numIndex>
									</numIndex>
									<numIndex index="2" type="array">
										<numIndex index="0">gy-2</numIndex>
										<numIndex index="1">gy-2</numIndex>
									</numIndex>
									<numIndex index="3" type="array">
										<numIndex index="0">gy-3</numIndex>
										<numIndex index="1">gy-3</numIndex>
									</numIndex>
									<numIndex index="4" type="array">
										<numIndex index="0">gy-4 (default)</numIndex>
										<numIndex index="1"></numIndex>
									</numIndex>
									<numIndex index="5" type="array">
										<numIndex index="0">gy-5</numIndex>
										<numIndex index="1">gy-5</numIndex>
									</numIndex>
								</items>
								<default></default>
							</config>
						</TCEforms>
					</verticalGutters>
				</el>
			</ROOT>
		</sDEF>
		<extraClass>
			<ROOT>
				<TCEforms>
					<sheetTitle>Extra Class</sheetTitle>
				</TCEforms>
				<type>array</type>
				<el>
					<extraClass_one>
						<TCEforms type="array">
							<label>Column 1</label>
							<config>
								<type>input</type>
							</config>
						</TCEforms>
					</extraClass_one>
					<extraClass_two>
						<TCEforms type="array">
							<label>Column 2</label>
							<config>
								<type>input</type>
							</config>
						</TCEforms>
					</extraClass_two>
					<extraClass_three>
						<TCEforms type="array">
							<label>Column 3</label>
							<config>
								<type>input</type>
							</config>
						</TCEforms>
					</extraClass_three>
				</el>
			</ROOT>
		</extraClass>
		<xxl>
			<ROOT>
				<TCEforms>
					<sheetTitle>Col-xl-*</sheetTitle>
				</TCEforms>
				<el>
					<xxl_one>
						<TCEforms type="array">
							<label>LLL:EXT:t3sbootstrap/Resources/Private/Language/locallang_be.xlf:tx_container.anyColumns.colPos.0</label>
							<displayCond>FIELD:sDEF.equalWidth:=:0</displayCond>
							<config>
								<type>select</type>
								<renderType>selectSingle</renderType>
									<items type="array">
										<numIndex index="0" type="array">
											<numIndex index="0">0</numIndex>
											<numIndex index="1"></numIndex>
										</numIndex>
										<numIndex index="1" type="array">
											<numIndex index="0">1</numIndex>
											<numIndex index="1">1</numIndex>
										</numIndex>
										<numIndex index="2" type="array">
											<numIndex index="0">2</numIndex>
											<numIndex index="1">2</numIndex>
										</numIndex>
										<numIndex index="3" type="array">
											<numIndex index="0">3</numIndex>
											<numIndex index="1">3</numIndex>
										</numIndex>

										<numIndex index="4" type="array">
											<numIndex index="0">4</numIndex>
											<numIndex index="1">4</numIndex>
										</numIndex>
										<numIndex index="5" type="array">
											<numIndex index="0">5</numIndex>
											<numIndex index="1">5</numIndex>
										</numIndex>
										<numIndex index="6" type="array">
											<numIndex index="0">6</numIndex>
											<numIndex index="1">6</numIndex>
										</numIndex>
										<numIndex index="7" type="array">
											<numIndex index="0">7</numIndex>
											<numIndex index="1">7</numIndex>
										</numIndex>
										<numIndex index="8" type="array">
											<numIndex index="0">8</numIndex>
											<numIndex index="1">8</numIndex>
										</numIndex>
										<numIndex index="9" type="array">
											<numIndex index="0">9</numIndex>
											<numIndex index="1">9</numIndex>
										</numIndex>
										<numIndex index="10" type="array">
											<numIndex index="0">10</numIndex>
											<numIndex index="1">10</numIndex>
										</numIndex>
										<numIndex index="11" type="array">
											<numIndex index="0">11</numIndex>
											<numIndex index="1">11</numIndex>
										</numIndex>
										<numIndex index="12" type="array">
											<numIndex index="0">12</numIndex>
											<numIndex index="1">12</numIndex>
										</numIndex>
										<numIndex index="13" type="array">
											<numIndex index="0">auto (size columns based on the natural width of their content)</numIndex>
											<numIndex index="1">auto</numIndex>
										</numIndex>
									</items>
									<default></default>
							</config>
						</TCEforms>
					</xxl_one>
					<xxl_two>
						<TCEforms type="array">
							<label>LLL:EXT:t3sbootstrap/Resources/Private/Language/locallang_be.xlf:tx_container.anyColumns.colPos.1</label>
							<displayCond>FIELD:sDEF.equalWidth:=:0</displayCond>
							<config>
								<type>select</type>
								<renderType>selectSingle</renderType>
									<items type="array">
										<numIndex index="0" type="array">
											<numIndex index="0">0</numIndex>
											<numIndex index="1"></numIndex>
										</numIndex>
										<numIndex index="1" type="array">
											<numIndex index="0">1</numIndex>
											<numIndex index="1">1</numIndex>
										</numIndex>
										<numIndex index="2" type="array">
											<numIndex index="0">2</numIndex>
											<numIndex index="1">2</numIndex>
										</numIndex>
										<numIndex index="3" type="array">
											<numIndex index="0">3</numIndex>
											<numIndex index="1">3</numIndex>
										</numIndex>

										<numIndex index="4" type="array">
											<numIndex index="0">4</numIndex>
											<numIndex index="1">4</numIndex>
										</numIndex>
										<numIndex index="5" type="array">
											<numIndex index="0">5</numIndex>
											<numIndex index="1">5</numIndex>
										</numIndex>
										<numIndex index="6" type="array">
											<numIndex index="0">6</numIndex>
											<numIndex index="1">6</numIndex>
										</numIndex>
										<numIndex index="7" type="array">
											<numIndex index="0">7</numIndex>
											<numIndex index="1">7</numIndex>
										</numIndex>
										<numIndex index="8" type="array">
											<numIndex index="0">8</numIndex>
											<numIndex index="1">8</numIndex>
										</numIndex>
										<numIndex index="9" type="array">
											<numIndex index="0">9</numIndex>
											<numIndex index="1">9</numIndex>
										</numIndex>
										<numIndex index="10" type="array">
											<numIndex index="0">10</numIndex>
											<numIndex index="1">10</numIndex>
										</numIndex>
										<numIndex index="11" type="array">
											<numIndex index="0">11</numIndex>
											<numIndex index="1">11</numIndex>
										</numIndex>
										<numIndex index="12" type="array">
											<numIndex index="0">12</numIndex>
											<numIndex index="1">12</numIndex>
										</numIndex>
										<numIndex index="13" type="array">
											<numIndex index="0">auto (size columns based on the natural width of their content)</numIndex>
											<numIndex index="1">auto</numIndex>
										</numIndex>
									</items>
									<default></default>
							</config>
						</TCEforms>
					</xxl_two>
					<xxl_three>
						<TCEforms type="array">
							<label>LLL:EXT:t3sbootstrap/Resources/Private/Language/locallang_be.xlf:tx_container.anyColumns.colPos.2</label>
							<displayCond>FIELD:sDEF.equalWidth:=:0</displayCond>
							<config>
								<type>select</type>
								<renderType>selectSingle</renderType>
									<items type="array">
										<numIndex index="0" type="array">
											<numIndex index="0">0</numIndex>
											<numIndex index="1"></numIndex>
										</numIndex>
										<numIndex index="1" type="array">
											<numIndex index="0">1</numIndex>
											<numIndex index="1">1</numIndex>
										</numIndex>
										<numIndex index="2" type="array">
											<numIndex index="0">2</numIndex>
											<numIndex index="1">2</numIndex>
										</numIndex>
										<numIndex index="3" type="array">
											<numIndex index="0">3</numIndex>
											<numIndex index="1">3</numIndex>
										</numIndex>

										<numIndex index="4" type="array">
											<numIndex index="0">4</numIndex>
											<numIndex index="1">4</numIndex>
										</numIndex>
										<numIndex index="5" type="array">
											<numIndex index="0">5</numIndex>
											<numIndex index="1">5</numIndex>
										</numIndex>
										<numIndex index="6" type="array">
											<numIndex index="0">6</numIndex>
											<numIndex index="1">6</numIndex>
										</numIndex>
										<numIndex index="7" type="array">
											<numIndex index="0">7</numIndex>
											<numIndex index="1">7</numIndex>
										</numIndex>
										<numIndex index="8" type="array">
											<numIndex index="0">8</numIndex>
											<numIndex index="1">8</numIndex>
										</numIndex>
										<numIndex index="9" type="array">
											<numIndex index="0">9</numIndex>
											<numIndex index="1">9</numIndex>
										</numIndex>
										<numIndex index="10" type="array">
											<numIndex index="0">10</numIndex>
											<numIndex index="1">10</numIndex>
										</numIndex>
										<numIndex index="11" type="array">
											<numIndex index="0">11</numIndex>
											<numIndex index="1">11</numIndex>
										</numIndex>
										<numIndex index="12" type="array">
											<numIndex index="0">12</numIndex>
											<numIndex index="1">12</numIndex>
										</numIndex>
										<numIndex index="13" type="array">
											<numIndex index="0">auto (size columns based on the natural width of their content)</numIndex>
											<numIndex index="1">auto</numIndex>
										</numIndex>
									</items>
									<default></default>
							</config>
						</TCEforms>
					</xxl_three>
				</el>
			</ROOT>
		</xxl>
		<xl>
			<ROOT>
				<TCEforms>
					<sheetTitle>Col-xl-*</sheetTitle>
				</TCEforms>
				<el>
					<xl_one>
						<TCEforms type="array">
							<label>LLL:EXT:t3sbootstrap/Resources/Private/Language/locallang_be.xlf:tx_container.anyColumns.colPos.0</label>
							<displayCond>FIELD:sDEF.equalWidth:=:0</displayCond>
							<config>
								<type>select</type>
								<renderType>selectSingle</renderType>
									<items type="array">
										<numIndex index="0" type="array">
											<numIndex index="0">0</numIndex>
											<numIndex index="1"></numIndex>
										</numIndex>
										<numIndex index="1" type="array">
											<numIndex index="0">1</numIndex>
											<numIndex index="1">1</numIndex>
										</numIndex>
										<numIndex index="2" type="array">
											<numIndex index="0">2</numIndex>
											<numIndex index="1">2</numIndex>
										</numIndex>
										<numIndex index="3" type="array">
											<numIndex index="0">3</numIndex>
											<numIndex index="1">3</numIndex>
										</numIndex>

										<numIndex index="4" type="array">
											<numIndex index="0">4</numIndex>
											<numIndex index="1">4</numIndex>
										</numIndex>
										<numIndex index="5" type="array">
											<numIndex index="0">5</numIndex>
											<numIndex index="1">5</numIndex>
										</numIndex>
										<numIndex index="6" type="array">
											<numIndex index="0">6</numIndex>
											<numIndex index="1">6</numIndex>
										</numIndex>
										<numIndex index="7" type="array">
											<numIndex index="0">7</numIndex>
											<numIndex index="1">7</numIndex>
										</numIndex>
										<numIndex index="8" type="array">
											<numIndex index="0">8</numIndex>
											<numIndex index="1">8</numIndex>
										</numIndex>
										<numIndex index="9" type="array">
											<numIndex index="0">9</numIndex>
											<numIndex index="1">9</numIndex>
										</numIndex>
										<numIndex index="10" type="array">
											<numIndex index="0">10</numIndex>
											<numIndex index="1">10</numIndex>
										</numIndex>
										<numIndex index="11" type="array">
											<numIndex index="0">11</numIndex>
											<numIndex index="1">11</numIndex>
										</numIndex>
										<numIndex index="12" type="array">
											<numIndex index="0">12</numIndex>
											<numIndex index="1">12</numIndex>
										</numIndex>
										<numIndex index="13" type="array">
											<numIndex index="0">auto (size columns based on the natural width of their content)</numIndex>
											<numIndex index="1">auto</numIndex>
										</numIndex>
									</items>
									<default></default>
							</config>
						</TCEforms>
					</xl_one>
					<xl_two>
						<TCEforms type="array">
							<label>LLL:EXT:t3sbootstrap/Resources/Private/Language/locallang_be.xlf:tx_container.anyColumns.colPos.1</label>
							<displayCond>FIELD:sDEF.equalWidth:=:0</displayCond>
							<config>
								<type>select</type>
								<renderType>selectSingle</renderType>
									<items type="array">
										<numIndex index="0" type="array">
											<numIndex index="0">0</numIndex>
											<numIndex index="1"></numIndex>
										</numIndex>
										<numIndex index="1" type="array">
											<numIndex index="0">1</numIndex>
											<numIndex index="1">1</numIndex>
										</numIndex>
										<numIndex index="2" type="array">
											<numIndex index="0">2</numIndex>
											<numIndex index="1">2</numIndex>
										</numIndex>
										<numIndex index="3" type="array">
											<numIndex index="0">3</numIndex>
											<numIndex index="1">3</numIndex>
										</numIndex>

										<numIndex index="4" type="array">
											<numIndex index="0">4</numIndex>
											<numIndex index="1">4</numIndex>
										</numIndex>
										<numIndex index="5" type="array">
											<numIndex index="0">5</numIndex>
											<numIndex index="1">5</numIndex>
										</numIndex>
										<numIndex index="6" type="array">
											<numIndex index="0">6</numIndex>
											<numIndex index="1">6</numIndex>
										</numIndex>
										<numIndex index="7" type="array">
											<numIndex index="0">7</numIndex>
											<numIndex index="1">7</numIndex>
										</numIndex>
										<numIndex index="8" type="array">
											<numIndex index="0">8</numIndex>
											<numIndex index="1">8</numIndex>
										</numIndex>
										<numIndex index="9" type="array">
											<numIndex index="0">9</numIndex>
											<numIndex index="1">9</numIndex>
										</numIndex>
										<numIndex index="10" type="array">
											<numIndex index="0">10</numIndex>
											<numIndex index="1">10</numIndex>
										</numIndex>
										<numIndex index="11" type="array">
											<numIndex index="0">11</numIndex>
											<numIndex index="1">11</numIndex>
										</numIndex>
										<numIndex index="12" type="array">
											<numIndex index="0">12</numIndex>
											<numIndex index="1">12</numIndex>
										</numIndex>
										<numIndex index="13" type="array">
											<numIndex index="0">auto (size columns based on the natural width of their content)</numIndex>
											<numIndex index="1">auto</numIndex>
										</numIndex>
									</items>
									<default></default>
							</config>
						</TCEforms>
					</xl_two>
					<xl_three>
						<TCEforms type="array">
							<label>LLL:EXT:t3sbootstrap/Resources/Private/Language/locallang_be.xlf:tx_container.anyColumns.colPos.2</label>
							<displayCond>FIELD:sDEF.equalWidth:=:0</displayCond>
							<config>
								<type>select</type>
								<renderType>selectSingle</renderType>
									<items type="array">
										<numIndex index="0" type="array">
											<numIndex index="0">0</numIndex>
											<numIndex index="1"></numIndex>
										</numIndex>
										<numIndex index="1" type="array">
											<numIndex index="0">1</numIndex>
											<numIndex index="1">1</numIndex>
										</numIndex>
										<numIndex index="2" type="array">
											<numIndex index="0">2</numIndex>
											<numIndex index="1">2</numIndex>
										</numIndex>
										<numIndex index="3" type="array">
											<numIndex index="0">3</numIndex>
											<numIndex index="1">3</numIndex>
										</numIndex>

										<numIndex index="4" type="array">
											<numIndex index="0">4</numIndex>
											<numIndex index="1">4</numIndex>
										</numIndex>
										<numIndex index="5" type="array">
											<numIndex index="0">5</numIndex>
											<numIndex index="1">5</numIndex>
										</numIndex>
										<numIndex index="6" type="array">
											<numIndex index="0">6</numIndex>
											<numIndex index="1">6</numIndex>
										</numIndex>
										<numIndex index="7" type="array">
											<numIndex index="0">7</numIndex>
											<numIndex index="1">7</numIndex>
										</numIndex>
										<numIndex index="8" type="array">
											<numIndex index="0">8</numIndex>
											<numIndex index="1">8</numIndex>
										</numIndex>
										<numIndex index="9" type="array">
											<numIndex index="0">9</numIndex>
											<numIndex index="1">9</numIndex>
										</numIndex>
										<numIndex index="10" type="array">
											<numIndex index="0">10</numIndex>
											<numIndex index="1">10</numIndex>
										</numIndex>
										<numIndex index="11" type="array">
											<numIndex index="0">11</numIndex>
											<numIndex index="1">11</numIndex>
										</numIndex>
										<numIndex index="12" type="array">
											<numIndex index="0">12</numIndex>
											<numIndex index="1">12</numIndex>
										</numIndex>
										<numIndex index="13" type="array">
											<numIndex index="0">auto (size columns based on the natural width of their content)</numIndex>
											<numIndex index="1">auto</numIndex>
										</numIndex>
									</items>
									<default></default>
							</config>
						</TCEforms>
					</xl_three>
				</el>
			</ROOT>
		</xl>
		<lg>
			<ROOT>
				<TCEforms>
					<sheetTitle>Col-lg-*</sheetTitle>
				</TCEforms>
				<el>
					<lg_one>
						<TCEforms type="array">
							<label>LLL:EXT:t3sbootstrap/Resources/Private/Language/locallang_be.xlf:tx_container.anyColumns.colPos.0</label>
							<displayCond>FIELD:sDEF.equalWidth:=:0</displayCond>
							<config>
								<type>select</type>
								<renderType>selectSingle</renderType>
									<items type="array">
										<numIndex index="0" type="array">
											<numIndex index="0">0</numIndex>
											<numIndex index="1"></numIndex>
										</numIndex>
										<numIndex index="1" type="array">
											<numIndex index="0">1</numIndex>
											<numIndex index="1">1</numIndex>
										</numIndex>
										<numIndex index="2" type="array">
											<numIndex index="0">2</numIndex>
											<numIndex index="1">2</numIndex>
										</numIndex>
										<numIndex index="3" type="array">
											<numIndex index="0">3</numIndex>
											<numIndex index="1">3</numIndex>
										</numIndex>

										<numIndex index="4" type="array">
											<numIndex index="0">4</numIndex>
											<numIndex index="1">4</numIndex>
										</numIndex>
										<numIndex index="5" type="array">
											<numIndex index="0">5</numIndex>
											<numIndex index="1">5</numIndex>
										</numIndex>
										<numIndex index="6" type="array">
											<numIndex index="0">6</numIndex>
											<numIndex index="1">6</numIndex>
										</numIndex>
										<numIndex index="7" type="array">
											<numIndex index="0">7</numIndex>
											<numIndex index="1">7</numIndex>
										</numIndex>
										<numIndex index="8" type="array">
											<numIndex index="0">8</numIndex>
											<numIndex index="1">8</numIndex>
										</numIndex>
										<numIndex index="9" type="array">
											<numIndex index="0">9</numIndex>
											<numIndex index="1">9</numIndex>
										</numIndex>
										<numIndex index="10" type="array">
											<numIndex index="0">10</numIndex>
											<numIndex index="1">10</numIndex>
										</numIndex>
										<numIndex index="11" type="array">
											<numIndex index="0">11</numIndex>
											<numIndex index="1">11</numIndex>
										</numIndex>
										<numIndex index="12" type="array">
											<numIndex index="0">12</numIndex>
											<numIndex index="1">12</numIndex>
										</numIndex>
										<numIndex index="13" type="array">
											<numIndex index="0">auto (size columns based on the natural width of their content)</numIndex>
											<numIndex index="1">auto</numIndex>
										</numIndex>
									</items>
									<default></default>
							</config>
						</TCEforms>
					</lg_one>
					<lg_two>
						<TCEforms type="array">
							<label>LLL:EXT:t3sbootstrap/Resources/Private/Language/locallang_be.xlf:tx_container.anyColumns.colPos.1</label>
							<displayCond>FIELD:sDEF.equalWidth:=:0</displayCond>
							<config>
								<type>select</type>
								<renderType>selectSingle</renderType>
									<items type="array">
										<numIndex index="0" type="array">
											<numIndex index="0">0</numIndex>
											<numIndex index="1"></numIndex>
										</numIndex>
										<numIndex index="1" type="array">
											<numIndex index="0">1</numIndex>
											<numIndex index="1">1</numIndex>
										</numIndex>
										<numIndex index="2" type="array">
											<numIndex index="0">2</numIndex>
											<numIndex index="1">2</numIndex>
										</numIndex>
										<numIndex index="3" type="array">
											<numIndex index="0">3</numIndex>
											<numIndex index="1">3</numIndex>
										</numIndex>

										<numIndex index="4" type="array">
											<numIndex index="0">4</numIndex>
											<numIndex index="1">4</numIndex>
										</numIndex>
										<numIndex index="5" type="array">
											<numIndex index="0">5</numIndex>
											<numIndex index="1">5</numIndex>
										</numIndex>
										<numIndex index="6" type="array">
											<numIndex index="0">6</numIndex>
											<numIndex index="1">6</numIndex>
										</numIndex>
										<numIndex index="7" type="array">
											<numIndex index="0">7</numIndex>
											<numIndex index="1">7</numIndex>
										</numIndex>
										<numIndex index="8" type="array">
											<numIndex index="0">8</numIndex>
											<numIndex index="1">8</numIndex>
										</numIndex>
										<numIndex index="9" type="array">
											<numIndex index="0">9</numIndex>
											<numIndex index="1">9</numIndex>
										</numIndex>
										<numIndex index="10" type="array">
											<numIndex index="0">10</numIndex>
											<numIndex index="1">10</numIndex>
										</numIndex>
										<numIndex index="11" type="array">
											<numIndex index="0">11</numIndex>
											<numIndex index="1">11</numIndex>
										</numIndex>
										<numIndex index="12" type="array">
											<numIndex index="0">12</numIndex>
											<numIndex index="1">12</numIndex>
										</numIndex>
										<numIndex index="13" type="array">
											<numIndex index="0">auto (size columns based on the natural width of their content)</numIndex>
											<numIndex index="1">auto</numIndex>
										</numIndex>
									</items>
									<default></default>
							</config>
						</TCEforms>
					</lg_two>
					<lg_three>
						<TCEforms type="array">
							<label>LLL:EXT:t3sbootstrap/Resources/Private/Language/locallang_be.xlf:tx_container.anyColumns.colPos.2</label>
							<displayCond>FIELD:sDEF.equalWidth:=:0</displayCond>
							<config>
								<type>select</type>
								<renderType>selectSingle</renderType>
									<items type="array">
										<numIndex index="0" type="array">
											<numIndex index="0">0</numIndex>
											<numIndex index="1"></numIndex>
										</numIndex>
										<numIndex index="1" type="array">
											<numIndex index="0">1</numIndex>
											<numIndex index="1">1</numIndex>
										</numIndex>
										<numIndex index="2" type="array">
											<numIndex index="0">2</numIndex>
											<numIndex index="1">2</numIndex>
										</numIndex>
										<numIndex index="3" type="array">
											<numIndex index="0">3</numIndex>
											<numIndex index="1">3</numIndex>
										</numIndex>

										<numIndex index="4" type="array">
											<numIndex index="0">4</numIndex>
											<numIndex index="1">4</numIndex>
										</numIndex>
										<numIndex index="5" type="array">
											<numIndex index="0">5</numIndex>
											<numIndex index="1">5</numIndex>
										</numIndex>
										<numIndex index="6" type="array">
											<numIndex index="0">6</numIndex>
											<numIndex index="1">6</numIndex>
										</numIndex>
										<numIndex index="7" type="array">
											<numIndex index="0">7</numIndex>
											<numIndex index="1">7</numIndex>
										</numIndex>
										<numIndex index="8" type="array">
											<numIndex index="0">8</numIndex>
											<numIndex index="1">8</numIndex>
										</numIndex>
										<numIndex index="9" type="array">
											<numIndex index="0">9</numIndex>
											<numIndex index="1">9</numIndex>
										</numIndex>
										<numIndex index="10" type="array">
											<numIndex index="0">10</numIndex>
											<numIndex index="1">10</numIndex>
										</numIndex>
										<numIndex index="11" type="array">
											<numIndex index="0">11</numIndex>
											<numIndex index="1">11</numIndex>
										</numIndex>
										<numIndex index="12" type="array">
											<numIndex index="0">12</numIndex>
											<numIndex index="1">12</numIndex>
										</numIndex>
										<numIndex index="13" type="array">
											<numIndex index="0">auto (size columns based on the natural width of their content)</numIndex>
											<numIndex index="1">auto</numIndex>
										</numIndex>
									</items>
									<default></default>
							</config>
						</TCEforms>
					</lg_three>
				</el>
			</ROOT>
		</lg>
		<md>
			<ROOT>
				<TCEforms>
					<sheetTitle>Col-md-*</sheetTitle>
				</TCEforms>
				<el>
					<md_one>
						<TCEforms type="array">
							<label>LLL:EXT:t3sbootstrap/Resources/Private/Language/locallang_be.xlf:tx_container.anyColumns.colPos.0</label>
							<displayCond>FIELD:sDEF.equalWidth:=:0</displayCond>
							<config>
								<type>select</type>
								<renderType>selectSingle</renderType>
									<items type="array">
										<numIndex index="0" type="array">
											<numIndex index="0">0</numIndex>
											<numIndex index="1"></numIndex>
										</numIndex>
										<numIndex index="1" type="array">
											<numIndex index="0">1</numIndex>
											<numIndex index="1">1</numIndex>
										</numIndex>
										<numIndex index="2" type="array">
											<numIndex index="0">2</numIndex>
											<numIndex index="1">2</numIndex>
										</numIndex>
										<numIndex index="3" type="array">
											<numIndex index="0">3</numIndex>
											<numIndex index="1">3</numIndex>
										</numIndex>

										<numIndex index="4" type="array">
											<numIndex index="0">4</numIndex>
											<numIndex index="1">4</numIndex>
										</numIndex>
										<numIndex index="5" type="array">
											<numIndex index="0">5</numIndex>
											<numIndex index="1">5</numIndex>
										</numIndex>
										<numIndex index="6" type="array">
											<numIndex index="0">6</numIndex>
											<numIndex index="1">6</numIndex>
										</numIndex>
										<numIndex index="7" type="array">
											<numIndex index="0">7</numIndex>
											<numIndex index="1">7</numIndex>
										</numIndex>
										<numIndex index="8" type="array">
											<numIndex index="0">8</numIndex>
											<numIndex index="1">8</numIndex>
										</numIndex>
										<numIndex index="9" type="array">
											<numIndex index="0">9</numIndex>
											<numIndex index="1">9</numIndex>
										</numIndex>
										<numIndex index="10" type="array">
											<numIndex index="0">10</numIndex>
											<numIndex index="1">10</numIndex>
										</numIndex>
										<numIndex index="11" type="array">
											<numIndex index="0">11</numIndex>
											<numIndex index="1">11</numIndex>
										</numIndex>
										<numIndex index="12" type="array">
											<numIndex index="0">12</numIndex>
											<numIndex index="1">12</numIndex>
										</numIndex>
										<numIndex index="13" type="array">
											<numIndex index="0">auto (size columns based on the natural width of their content)</numIndex>
											<numIndex index="1">auto</numIndex>
										</numIndex>
									</items>
									<default>4</default>
							</config>
						</TCEforms>
					</md_one>
					<md_two>
						<TCEforms type="array">
							<label>LLL:EXT:t3sbootstrap/Resources/Private/Language/locallang_be.xlf:tx_container.anyColumns.colPos.1</label>
							<displayCond>FIELD:sDEF.equalWidth:=:0</displayCond>
							<config>
								<type>select</type>
								<renderType>selectSingle</renderType>
									<items type="array">
										<numIndex index="0" type="array">
											<numIndex index="0">0</numIndex>
											<numIndex index="1"></numIndex>
										</numIndex>
										<numIndex index="1" type="array">
											<numIndex index="0">1</numIndex>
											<numIndex index="1">1</numIndex>
										</numIndex>
										<numIndex index="2" type="array">
											<numIndex index="0">2</numIndex>
											<numIndex index="1">2</numIndex>
										</numIndex>
										<numIndex index="3" type="array">
											<numIndex index="0">3</numIndex>
											<numIndex index="1">3</numIndex>
										</numIndex>

										<numIndex index="4" type="array">
											<numIndex index="0">4</numIndex>
											<numIndex index="1">4</numIndex>
										</numIndex>
										<numIndex index="5" type="array">
											<numIndex index="0">5</numIndex>
											<numIndex index="1">5</numIndex>
										</numIndex>
										<numIndex index="6" type="array">
											<numIndex index="0">6</numIndex>
											<numIndex index="1">6</numIndex>
										</numIndex>
										<numIndex index="7" type="array">
											<numIndex index="0">7</numIndex>
											<numIndex index="1">7</numIndex>
										</numIndex>
										<numIndex index="8" type="array">
											<numIndex index="0">8</numIndex>
											<numIndex index="1">8</numIndex>
										</numIndex>
										<numIndex index="9" type="array">
											<numIndex index="0">9</numIndex>
											<numIndex index="1">9</numIndex>
										</numIndex>
										<numIndex index="10" type="array">
											<numIndex index="0">10</numIndex>
											<numIndex index="1">10</numIndex>
										</numIndex>
										<numIndex index="11" type="array">
											<numIndex index="0">11</numIndex>
											<numIndex index="1">11</numIndex>
										</numIndex>
										<numIndex index="12" type="array">
											<numIndex index="0">12</numIndex>
											<numIndex index="1">12</numIndex>
										</numIndex>
										<numIndex index="13" type="array">
											<numIndex index="0">auto (size columns based on the natural width of their content)</numIndex>
											<numIndex index="1">auto</numIndex>
										</numIndex>
									</items>
									<default>4</default>
							</config>
						</TCEforms>
					</md_two>
					<md_three>
						<TCEforms type="array">
							<label>LLL:EXT:t3sbootstrap/Resources/Private/Language/locallang_be.xlf:tx_container.anyColumns.colPos.2</label>
							<displayCond>FIELD:sDEF.equalWidth:=:0</displayCond>
							<config>
								<type>select</type>
								<renderType>selectSingle</renderType>
									<items type="array">
										<numIndex index="0" type="array">
											<numIndex index="0">0</numIndex>
											<numIndex index="1"></numIndex>
										</numIndex>
										<numIndex index="1" type="array">
											<numIndex index="0">1</numIndex>
											<numIndex index="1">1</numIndex>
										</numIndex>
										<numIndex index="2" type="array">
											<numIndex index="0">2</numIndex>
											<numIndex index="1">2</numIndex>
										</numIndex>
										<numIndex index="3" type="array">
											<numIndex index="0">3</numIndex>
											<numIndex index="1">3</numIndex>
										</numIndex>

										<numIndex index="4" type="array">
											<numIndex index="0">4</numIndex>
											<numIndex index="1">4</numIndex>
										</numIndex>
										<numIndex index="5" type="array">
											<numIndex index="0">5</numIndex>
											<numIndex index="1">5</numIndex>
										</numIndex>
										<numIndex index="6" type="array">
											<numIndex index="0">6</numIndex>
											<numIndex index="1">6</numIndex>
										</numIndex>
										<numIndex index="7" type="array">
											<numIndex index="0">7</numIndex>
											<numIndex index="1">7</numIndex>
										</numIndex>
										<numIndex index="8" type="array">
											<numIndex index="0">8</numIndex>
											<numIndex index="1">8</numIndex>
										</numIndex>
										<numIndex index="9" type="array">
											<numIndex index="0">9</numIndex>
											<numIndex index="1">9</numIndex>
										</numIndex>
										<numIndex index="10" type="array">
											<numIndex index="0">10</numIndex>
											<numIndex index="1">10</numIndex>
										</numIndex>
										<numIndex index="11" type="array">
											<numIndex index="0">11</numIndex>
											<numIndex index="1">11</numIndex>
										</numIndex>
										<numIndex index="12" type="array">
											<numIndex index="0">12</numIndex>
											<numIndex index="1">12</numIndex>
										</numIndex>
										<numIndex index="13" type="array">
											<numIndex index="0">auto (size columns based on the natural width of their content)</numIndex>
											<numIndex index="1">auto</numIndex>
										</numIndex>
									</items>
									<default>4</default>
							</config>
						</TCEforms>
					</md_three>
				</el>
			</ROOT>
		</md>
		<sm>
			<ROOT>
				<TCEforms>
					<sheetTitle>Col-sm-*</sheetTitle>
				</TCEforms>
				<el>
					<sm_one>
						<TCEforms type="array">
							<label>LLL:EXT:t3sbootstrap/Resources/Private/Language/locallang_be.xlf:tx_container.anyColumns.colPos.0</label>
							<displayCond>FIELD:sDEF.equalWidth:=:0</displayCond>
							<config>
								<type>select</type>
								<renderType>selectSingle</renderType>
									<items type="array">
										<numIndex index="0" type="array">
											<numIndex index="0">0</numIndex>
											<numIndex index="1"></numIndex>
										</numIndex>
										<numIndex index="1" type="array">
											<numIndex index="0">1</numIndex>
											<numIndex index="1">1</numIndex>
										</numIndex>
										<numIndex index="2" type="array">
											<numIndex index="0">2</numIndex>
											<numIndex index="1">2</numIndex>
										</numIndex>
										<numIndex index="3" type="array">
											<numIndex index="0">3</numIndex>
											<numIndex index="1">3</numIndex>
										</numIndex>

										<numIndex index="4" type="array">
											<numIndex index="0">4</numIndex>
											<numIndex index="1">4</numIndex>
										</numIndex>
										<numIndex index="5" type="array">
											<numIndex index="0">5</numIndex>
											<numIndex index="1">5</numIndex>
										</numIndex>
										<numIndex index="6" type="array">
											<numIndex index="0">6</numIndex>
											<numIndex index="1">6</numIndex>
										</numIndex>
										<numIndex index="7" type="array">
											<numIndex index="0">7</numIndex>
											<numIndex index="1">7</numIndex>
										</numIndex>
										<numIndex index="8" type="array">
											<numIndex index="0">8</numIndex>
											<numIndex index="1">8</numIndex>
										</numIndex>
										<numIndex index="9" type="array">
											<numIndex index="0">9</numIndex>
											<numIndex index="1">9</numIndex>
										</numIndex>
										<numIndex index="10" type="array">
											<numIndex index="0">10</numIndex>
											<numIndex index="1">10</numIndex>
										</numIndex>
										<numIndex index="11" type="array">
											<numIndex index="0">11</numIndex>
											<numIndex index="1">11</numIndex>
										</numIndex>
										<numIndex index="12" type="array">
											<numIndex index="0">12</numIndex>
											<numIndex index="1">12</numIndex>
										</numIndex>
										<numIndex index="13" type="array">
											<numIndex index="0">auto (size columns based on the natural width of their content)</numIndex>
											<numIndex index="1">auto</numIndex>
										</numIndex>
									</items>
									<default></default>
							</config>
						</TCEforms>
					</sm_one>
					<sm_two>
						<TCEforms type="array">
							<label>LLL:EXT:t3sbootstrap/Resources/Private/Language/locallang_be.xlf:tx_container.anyColumns.colPos.1</label>
							<displayCond>FIELD:sDEF.equalWidth:=:0</displayCond>
							<config>
								<type>select</type>
								<renderType>selectSingle</renderType>
									<items type="array">
										<numIndex index="0" type="array">
											<numIndex index="0">0</numIndex>
											<numIndex index="1"></numIndex>
										</numIndex>
										<numIndex index="1" type="array">
											<numIndex index="0">1</numIndex>
											<numIndex index="1">1</numIndex>
										</numIndex>
										<numIndex index="2" type="array">
											<numIndex index="0">2</numIndex>
											<numIndex index="1">2</numIndex>
										</numIndex>
										<numIndex index="3" type="array">
											<numIndex index="0">3</numIndex>
											<numIndex index="1">3</numIndex>
										</numIndex>

										<numIndex index="4" type="array">
											<numIndex index="0">4</numIndex>
											<numIndex index="1">4</numIndex>
										</numIndex>
										<numIndex index="5" type="array">
											<numIndex index="0">5</numIndex>
											<numIndex index="1">5</numIndex>
										</numIndex>
										<numIndex index="6" type="array">
											<numIndex index="0">6</numIndex>
											<numIndex index="1">6</numIndex>
										</numIndex>
										<numIndex index="7" type="array">
											<numIndex index="0">7</numIndex>
											<numIndex index="1">7</numIndex>
										</numIndex>
										<numIndex index="8" type="array">
											<numIndex index="0">8</numIndex>
											<numIndex index="1">8</numIndex>
										</numIndex>
										<numIndex index="9" type="array">
											<numIndex index="0">9</numIndex>
											<numIndex index="1">9</numIndex>
										</numIndex>
										<numIndex index="10" type="array">
											<numIndex index="0">10</numIndex>
											<numIndex index="1">10</numIndex>
										</numIndex>
										<numIndex index="11" type="array">
											<numIndex index="0">11</numIndex>
											<numIndex index="1">11</numIndex>
										</numIndex>
										<numIndex index="12" type="array">
											<numIndex index="0">12</numIndex>
											<numIndex index="1">12</numIndex>
										</numIndex>
										<numIndex index="13" type="array">
											<numIndex index="0">auto (size columns based on the natural width of their content)</numIndex>
											<numIndex index="1">auto</numIndex>
										</numIndex>
									</items>
									<default></default>
							</config>
						</TCEforms>
					</sm_two>
					<sm_three>
						<TCEforms type="array">
							<label>LLL:EXT:t3sbootstrap/Resources/Private/Language/locallang_be.xlf:tx_container.anyColumns.colPos.2</label>
							<displayCond>FIELD:sDEF.equalWidth:=:0</displayCond>
							<config>
								<type>select</type>
								<renderType>selectSingle</renderType>
									<items type="array">
										<numIndex index="0" type="array">
											<numIndex index="0">0</numIndex>
											<numIndex index="1"></numIndex>
										</numIndex>
										<numIndex index="1" type="array">
											<numIndex index="0">1</numIndex>
											<numIndex index="1">1</numIndex>
										</numIndex>
										<numIndex index="2" type="array">
											<numIndex index="0">2</numIndex>
											<numIndex index="1">2</numIndex>
										</numIndex>
										<numIndex index="3" type="array">
											<numIndex index="0">3</numIndex>
											<numIndex index="1">3</numIndex>
										</numIndex>

										<numIndex index="4" type="array">
											<numIndex index="0">4</numIndex>
											<numIndex index="1">4</numIndex>
										</numIndex>
										<numIndex index="5" type="array">
											<numIndex index="0">5</numIndex>
											<numIndex index="1">5</numIndex>
										</numIndex>
										<numIndex index="6" type="array">
											<numIndex index="0">6</numIndex>
											<numIndex index="1">6</numIndex>
										</numIndex>
										<numIndex index="7" type="array">
											<numIndex index="0">7</numIndex>
											<numIndex index="1">7</numIndex>
										</numIndex>
										<numIndex index="8" type="array">
											<numIndex index="0">8</numIndex>
											<numIndex index="1">8</numIndex>
										</numIndex>
										<numIndex index="9" type="array">
											<numIndex index="0">9</numIndex>
											<numIndex index="1">9</numIndex>
										</numIndex>
										<numIndex index="10" type="array">
											<numIndex index="0">10</numIndex>
											<numIndex index="1">10</numIndex>
										</numIndex>
										<numIndex index="11" type="array">
											<numIndex index="0">11</numIndex>
											<numIndex index="1">11</numIndex>
										</numIndex>
										<numIndex index="12" type="array">
											<numIndex index="0">12</numIndex>
											<numIndex index="1">12</numIndex>
										</numIndex>
										<numIndex index="13" type="array">
											<numIndex index="0">auto (size columns based on the natural width of their content)</numIndex>
											<numIndex index="1">auto</numIndex>
										</numIndex>
									</items>
									<default></default>
							</config>
						</TCEforms>
					</sm_three>
				</el>
			</ROOT>
		</sm>
		<xs>
			<ROOT>
				<TCEforms>
					<sheetTitle>Col-*</sheetTitle>
				</TCEforms>
				<el>
					<xs_one>
						<TCEforms type="array">
							<label>LLL:EXT:t3sbootstrap/Resources/Private/Language/locallang_be.xlf:tx_container.anyColumns.colPos.0</label>
							<displayCond>FIELD:sDEF.equalWidth:=:0</displayCond>
							<config>
								<type>select</type>
								<renderType>selectSingle</renderType>
									<items type="array">
										<numIndex index="0" type="array">
											<numIndex index="0">0</numIndex>
											<numIndex index="1"></numIndex>
										</numIndex>
										<numIndex index="1" type="array">
											<numIndex index="0">1</numIndex>
											<numIndex index="1">1</numIndex>
										</numIndex>
										<numIndex index="2" type="array">
											<numIndex index="0">2</numIndex>
											<numIndex index="1">2</numIndex>
										</numIndex>
										<numIndex index="3" type="array">
											<numIndex index="0">3</numIndex>
											<numIndex index="1">3</numIndex>
										</numIndex>

										<numIndex index="4" type="array">
											<numIndex index="0">4</numIndex>
											<numIndex index="1">4</numIndex>
										</numIndex>
										<numIndex index="5" type="array">
											<numIndex index="0">5</numIndex>
											<numIndex index="1">5</numIndex>
										</numIndex>
										<numIndex index="6" type="array">
											<numIndex index="0">6</numIndex>
											<numIndex index="1">6</numIndex>
										</numIndex>
										<numIndex index="7" type="array">
											<numIndex index="0">7</numIndex>
											<numIndex index="1">7</numIndex>
										</numIndex>
										<numIndex index="8" type="array">
											<numIndex index="0">8</numIndex>
											<numIndex index="1">8</numIndex>
										</numIndex>
										<numIndex index="9" type="array">
											<numIndex index="0">9</numIndex>
											<numIndex index="1">9</numIndex>
										</numIndex>
										<numIndex index="10" type="array">
											<numIndex index="0">10</numIndex>
											<numIndex index="1">10</numIndex>
										</numIndex>
										<numIndex index="11" type="array">
											<numIndex index="0">11</numIndex>
											<numIndex index="1">11</numIndex>
										</numIndex>
										<numIndex index="12" type="array">
											<numIndex index="0">12</numIndex>
											<numIndex index="1">12</numIndex>
										</numIndex>
										<numIndex index="13" type="array">
											<numIndex index="0">auto (size columns based on the natural width of their content)</numIndex>
											<numIndex index="1">auto</numIndex>
										</numIndex>
									</items>
									<default>12</default>
							</config>
						</TCEforms>
					</xs_one>
					<xs_two>
						<TCEforms type="array">
							<label>LLL:EXT:t3sbootstrap/Resources/Private/Language/locallang_be.xlf:tx_container.anyColumns.colPos.1</label>
							<displayCond>FIELD:sDEF.equalWidth:=:0</displayCond>
							<config>
								<type>select</type>
								<renderType>selectSingle</renderType>
									<items type="array">
										<numIndex index="0" type="array">
											<numIndex index="0">0</numIndex>
											<numIndex index="1"></numIndex>
										</numIndex>
										<numIndex index="1" type="array">
											<numIndex index="0">1</numIndex>
											<numIndex index="1">1</numIndex>
										</numIndex>
										<numIndex index="2" type="array">
											<numIndex index="0">2</numIndex>
											<numIndex index="1">2</numIndex>
										</numIndex>
										<numIndex index="3" type="array">
											<numIndex index="0">3</numIndex>
											<numIndex index="1">3</numIndex>
										</numIndex>

										<numIndex index="4" type="array">
											<numIndex index="0">4</numIndex>
											<numIndex index="1">4</numIndex>
										</numIndex>
										<numIndex index="5" type="array">
											<numIndex index="0">5</numIndex>
											<numIndex index="1">5</numIndex>
										</numIndex>
										<numIndex index="6" type="array">
											<numIndex index="0">6</numIndex>
											<numIndex index="1">6</numIndex>
										</numIndex>
										<numIndex index="7" type="array">
											<numIndex index="0">7</numIndex>
											<numIndex index="1">7</numIndex>
										</numIndex>
										<numIndex index="8" type="array">
											<numIndex index="0">8</numIndex>
											<numIndex index="1">8</numIndex>
										</numIndex>
										<numIndex index="9" type="array">
											<numIndex index="0">9</numIndex>
											<numIndex index="1">9</numIndex>
										</numIndex>
										<numIndex index="10" type="array">
											<numIndex index="0">10</numIndex>
											<numIndex index="1">10</numIndex>
										</numIndex>
										<numIndex index="11" type="array">
											<numIndex index="0">11</numIndex>
											<numIndex index="1">11</numIndex>
										</numIndex>
										<numIndex index="12" type="array">
											<numIndex index="0">12</numIndex>
											<numIndex index="1">12</numIndex>
										</numIndex>
										<numIndex index="13" type="array">
											<numIndex index="0">auto (size columns based on the natural width of their content)</numIndex>
											<numIndex index="1">auto</numIndex>
										</numIndex>
									</items>
									<default>12</default>
							</config>
						</TCEforms>
					</xs_two>
					<xs_three>
						<TCEforms type="array">
							<label>LLL:EXT:t3sbootstrap/Resources/Private/Language/locallang_be.xlf:tx_container.anyColumns.colPos.2</label>
							<displayCond>FIELD:sDEF.equalWidth:=:0</displayCond>
							<config>
								<type>select</type>
								<renderType>selectSingle</renderType>
									<items type="array">
										<numIndex index="0" type="array">
											<numIndex index="0">0</numIndex>
											<numIndex index="1"></numIndex>
										</numIndex>
										<numIndex index="1" type="array">
											<numIndex index="0">1</numIndex>
											<numIndex index="1">1</numIndex>
										</numIndex>
										<numIndex index="2" type="array">
											<numIndex index="0">2</numIndex>
											<numIndex index="1">2</numIndex>
										</numIndex>
										<numIndex index="3" type="array">
											<numIndex index="0">3</numIndex>
											<numIndex index="1">3</numIndex>
										</numIndex>

										<numIndex index="4" type="array">
											<numIndex index="0">4</numIndex>
											<numIndex index="1">4</numIndex>
										</numIndex>
										<numIndex index="5" type="array">
											<numIndex index="0">5</numIndex>
											<numIndex index="1">5</numIndex>
										</numIndex>
										<numIndex index="6" type="array">
											<numIndex index="0">6</numIndex>
											<numIndex index="1">6</numIndex>
										</numIndex>
										<numIndex index="7" type="array">
											<numIndex index="0">7</numIndex>
											<numIndex index="1">7</numIndex>
										</numIndex>
										<numIndex index="8" type="array">
											<numIndex index="0">8</numIndex>
											<numIndex index="1">8</numIndex>
										</numIndex>
										<numIndex index="9" type="array">
											<numIndex index="0">9</numIndex>
											<numIndex index="1">9</numIndex>
										</numIndex>
										<numIndex index="10" type="array">
											<numIndex index="0">10</numIndex>
											<numIndex index="1">10</numIndex>
										</numIndex>
										<numIndex index="11" type="array">
											<numIndex index="0">11</numIndex>
											<numIndex index="1">11</numIndex>
										</numIndex>
										<numIndex index="12" type="array">
											<numIndex index="0">12</numIndex>
											<numIndex index="1">12</numIndex>
										</numIndex>
										<numIndex index="13" type="array">
											<numIndex index="0">auto (size columns based on the natural width of their content)</numIndex>
											<numIndex index="1">auto</numIndex>
										</numIndex>
									</items>
									<default>12</default>
							</config>
						</TCEforms>
					</xs_three>
				</el>
			</ROOT>
		</xs>
	</sheets>
</T3DataStructure>
